{
	"constructor": {
		
			"isPrivate": false,
			"isInner": false,
			"name": "AjxDispatcher",
			"signature": "()"
		
	},
	"properties": [
		
			
			
			
				
			{
			"isPrivate": false,
			"isInner": false,
			"isStatic": true,
			"isConstant": false,
			"name": "AjxDispatcher.setPackageLoadFunction"
			},
				
			{
			"isPrivate": false,
			"isInner": false,
			"isStatic": true,
			"isConstant": false,
			"name": "AjxDispatcher.setPostLoadFunction"
			},
				
			{
			"isPrivate": false,
			"isInner": false,
			"isStatic": true,
			"isConstant": false,
			"name": "AjxDispatcher.setPreLoadFunction"
			}
				
			
		
	],
	"methods": [
		
			
			
			
				
			{
			"isPrivate": false,
			"isInner": false,
			"isStatic": true,
			"name": "AjxDispatcher.addPackageLoadFunction",
			"signature": "(pkg, callback)"
			},
				
			{
			"isPrivate": false,
			"isInner": false,
			"isStatic": true,
			"name": "AjxDispatcher.addPostLoadFunction",
			"signature": "(callback)"
			},
				
			{
			"isPrivate": false,
			"isInner": false,
			"isStatic": true,
			"name": "AjxDispatcher.addPreLoadFunction",
			"signature": "(callback)"
			},
				
			{
			"isPrivate": false,
			"isInner": false,
			"isStatic": true,
			"name": "AjxDispatcher.enableLoadFunctions",
			"signature": "(enabled)"
			},
				
			{
			"isPrivate": false,
			"isInner": false,
			"isStatic": true,
			"name": "AjxDispatcher.loaded",
			"signature": "(pkg)"
			},
				
			{
			"isPrivate": false,
			"isInner": false,
			"isStatic": true,
			"name": "AjxDispatcher.registerMethod",
			"signature": "(method, pkg, callback)"
			},
				
			{
			"isPrivate": false,
			"isInner": false,
			"isStatic": true,
			"name": "AjxDispatcher.require",
			"signature": "(pkg, async, callback, args, preLoadOk)"
			},
				
			{
			"isPrivate": false,
			"isInner": false,
			"isStatic": true,
			"name": "AjxDispatcher.setLoaded",
			"signature": "(pkg, loaded)"
			}
				
			
		
	]
}
