{
	"constructor": {
		
			"isPrivate": false,
			"isInner": false,
			"name": "AjxStringUtil",
			"signature": "()"
		
	},
	"properties": [
		
			
			
			
				
			{
			"isPrivate": false,
			"isInner": false,
			"isStatic": true,
			"isConstant": false,
			"name": "AjxStringUtil.IS_PRINT_CODE"
			}
				
			
		
	],
	"methods": [
		
			
			
			
				
			{
			"isPrivate": false,
			"isInner": false,
			"isStatic": true,
			"name": "AjxStringUtil.convertToHtml",
			"signature": "(str)"
			},
				
			{
			"isPrivate": false,
			"isInner": false,
			"isStatic": true,
			"name": "AjxStringUtil.diffPoint",
			"signature": "(str1, str2)"
			},
				
			{
			"isPrivate": false,
			"isInner": false,
			"isStatic": true,
			"name": "AjxStringUtil.getAsString",
			"signature": "(o)"
			},
				
			{
			"isPrivate": false,
			"isInner": false,
			"isStatic": true,
			"name": "AjxStringUtil.getUnitsFromSizeString",
			"signature": "(sizeString)"
			},
				
			{
			"isPrivate": false,
			"isInner": false,
			"isStatic": true,
			"name": "AjxStringUtil.htmlDecode",
			"signature": "(str, decodeSpaces)"
			},
				
			{
			"isPrivate": false,
			"isInner": false,
			"isStatic": true,
			"name": "AjxStringUtil.htmlEncode",
			"signature": "(str, includeSpaces)"
			},
				
			{
			"isPrivate": false,
			"isInner": false,
			"isStatic": true,
			"name": "AjxStringUtil.parseQueryString",
			"signature": "(sourceUri)"
			},
				
			{
			"isPrivate": false,
			"isInner": false,
			"isStatic": true,
			"name": "AjxStringUtil.queryStringRemove",
			"signature": "(qs, name)"
			},
				
			{
			"isPrivate": false,
			"isInner": false,
			"isStatic": true,
			"name": "AjxStringUtil.quoteText",
			"signature": "(params)"
			},
				
			{
			"isPrivate": false,
			"isInner": false,
			"isStatic": true,
			"name": "AjxStringUtil.repeat",
			"signature": "(str, num)"
			},
				
			{
			"isPrivate": false,
			"isInner": false,
			"isStatic": true,
			"name": "AjxStringUtil.shiftChar",
			"signature": "(keycode, shifted)"
			},
				
			{
			"isPrivate": false,
			"isInner": false,
			"isStatic": true,
			"name": "AjxStringUtil.split",
			"signature": "(str, dels)"
			},
				
			{
			"isPrivate": false,
			"isInner": false,
			"isStatic": true,
			"name": "AjxStringUtil.stripTags",
			"signature": "(str, removeContent)"
			},
				
			{
			"isPrivate": false,
			"isInner": false,
			"isStatic": true,
			"name": "AjxStringUtil.toMixed",
			"signature": "(text, sep, camel)"
			},
				
			{
			"isPrivate": false,
			"isInner": false,
			"isStatic": true,
			"name": "AjxStringUtil.trim",
			"signature": "(str, compress, space)"
			},
				
			{
			"isPrivate": false,
			"isInner": false,
			"isStatic": true,
			"name": "AjxStringUtil.urlComponentDecode",
			"signature": "(str)"
			},
				
			{
			"isPrivate": false,
			"isInner": false,
			"isStatic": true,
			"name": "AjxStringUtil.urlComponentEncode",
			"signature": "(str)"
			},
				
			{
			"isPrivate": false,
			"isInner": false,
			"isStatic": true,
			"name": "AjxStringUtil.urlDecode",
			"signature": "(str)"
			},
				
			{
			"isPrivate": false,
			"isInner": false,
			"isStatic": true,
			"name": "AjxStringUtil.urlEncode",
			"signature": "(str)"
			},
				
			{
			"isPrivate": false,
			"isInner": false,
			"isStatic": true,
			"name": "AjxStringUtil.wordWrap",
			"signature": "(params)"
			}
				
			
		
	]
}
