{
	"constructor": {
		
			"isPrivate": false,
			"isInner": false,
			"name": "AjxTemplate",
			"signature": "()"
		
	},
	"properties": [
		
	],
	"methods": [
		
			
			
			
				
			{
			"isPrivate": false,
			"isInner": false,
			"isStatic": true,
			"name": "AjxTemplate.expand",
			"signature": "(name, data, buffer)"
			},
				
			{
			"isPrivate": false,
			"isInner": false,
			"isStatic": true,
			"name": "AjxTemplate.setBasePath",
			"signature": "(basePath)"
			},
				
			{
			"isPrivate": false,
			"isInner": false,
			"isStatic": true,
			"name": "AjxTemplate.setExtension",
			"signature": "(extension)"
			}
				
			
		
	]
}
