{
	"constructor": {
		
			"isPrivate": false,
			"isInner": false,
			"name": "AjxXmlDoc",
			"signature": "()"
		
	},
	"properties": [
		
	],
	"methods": [
		
			
			
			
				
			{
			"isPrivate": false,
			"isInner": false,
			"isStatic": true,
			"name": "AjxXmlDoc.create",
			"signature": "()"
			},
				
			{
			"isPrivate": false,
			"isInner": false,
			"isStatic": true,
			"name": "AjxXmlDoc.createElement",
			"signature": "(name, value)"
			},
				
			{
			"isPrivate": false,
			"isInner": false,
			"isStatic": true,
			"name": "AjxXmlDoc.createFromDom",
			"signature": "(doc)"
			},
				
			{
			"isPrivate": false,
			"isInner": false,
			"isStatic": true,
			"name": "AjxXmlDoc.createFromXml",
			"signature": "(xml)"
			},
				
			{
			"isPrivate": false,
			"isInner": false,
			"isStatic": true,
			"name": "AjxXmlDoc.createRoot",
			"signature": "(rootName)"
			},
				
			{
			"isPrivate": false,
			"isInner": false,
			"isStatic": false,
			"name": "getDoc",
			"signature": "()"
			},
				
			{
			"isPrivate": false,
			"isInner": false,
			"isStatic": true,
			"name": "AjxXmlDoc.replaceInvalidChars",
			"signature": "(s)"
			},
				
			{
			"isPrivate": false,
			"isInner": false,
			"isStatic": false,
			"name": "toJSObject",
			"signature": "(dropns, lowercase, withAttrs)"
			},
				
			{
			"isPrivate": false,
			"isInner": false,
			"isStatic": false,
			"name": "toString",
			"signature": "()"
			}
				
			
		
	]
}
