{
	"constructor": {
		
			"isPrivate": false,
			"isInner": false,
			"name": "DwtButton",
			"signature": "(params)"
		
	},
	"properties": [
		
			
			
			
				
			{
			"isPrivate": false,
			"isInner": false,
			"isStatic": true,
			"isConstant": false,
			"name": "DwtButton.ACTION_MOUSEDOWN"
			},
				
			{
			"isPrivate": false,
			"isInner": false,
			"isStatic": true,
			"isConstant": false,
			"name": "DwtButton.ACTION_MOUSEUP"
			}
				
			
		
	],
	"methods": [
		
			
			
			
				
			{
			"isPrivate": false,
			"isInner": false,
			"isStatic": false,
			"name": "addDropDownSelectionListener",
			"signature": "(listener)"
			},
				
			{
			"isPrivate": false,
			"isInner": false,
			"isStatic": false,
			"name": "addSelectionListener",
			"signature": "(listener, index)"
			},
				
			{
			"isPrivate": false,
			"isInner": false,
			"isStatic": false,
			"name": "dispose",
			"signature": "()"
			},
				
			{
			"isPrivate": false,
			"isInner": false,
			"isStatic": false,
			"name": "getKeyMapName",
			"signature": "()"
			},
				
			{
			"isPrivate": false,
			"isInner": false,
			"isStatic": false,
			"name": "getMenu",
			"signature": "(dontCreate)"
			},
				
			{
			"isPrivate": false,
			"isInner": false,
			"isStatic": false,
			"name": "handleKeyAction",
			"signature": "(actionCode, ev)"
			},
				
			{
			"isPrivate": false,
			"isInner": false,
			"isStatic": false,
			"name": "isToggled",
			"signature": "()"
			},
				
			{
			"isPrivate": false,
			"isInner": false,
			"isStatic": false,
			"name": "popup",
			"signature": "(menu)"
			},
				
			{
			"isPrivate": false,
			"isInner": false,
			"isStatic": false,
			"name": "removeDropDownSelectionListener",
			"signature": "(listener)"
			},
				
			{
			"isPrivate": false,
			"isInner": false,
			"isStatic": false,
			"name": "removeSelectionListener",
			"signature": "(listener)"
			},
				
			{
			"isPrivate": false,
			"isInner": false,
			"isStatic": false,
			"name": "removeSelectionListeners",
			"signature": "()"
			},
				
			{
			"isPrivate": false,
			"isInner": false,
			"isStatic": false,
			"name": "resetClassName",
			"signature": "()"
			},
				
			{
			"isPrivate": false,
			"isInner": false,
			"isStatic": false,
			"name": "setActionTiming",
			"signature": "(actionTiming)"
			},
				
			{
			"isPrivate": false,
			"isInner": false,
			"isStatic": false,
			"name": "setDepressedImage",
			"signature": "(imageInfo)"
			},
				
			{
			"isPrivate": false,
			"isInner": false,
			"isStatic": false,
			"name": "setDisplayState",
			"signature": "(state, force)"
			},
				
			{
			"isPrivate": false,
			"isInner": false,
			"isStatic": false,
			"name": "setDropDownImages",
			"signature": "(enabledImg, disImg, hovImg, depImg)"
			},
				
			{
			"isPrivate": false,
			"isInner": false,
			"isStatic": false,
			"name": "setEnabled",
			"signature": "(enabled)"
			},
				
			{
			"isPrivate": false,
			"isInner": false,
			"isStatic": false,
			"name": "setEnabledImage",
			"signature": "(imageInfo)"
			},
				
			{
			"isPrivate": false,
			"isInner": false,
			"isStatic": false,
			"name": "setHovered",
			"signature": "(hovered)"
			},
				
			{
			"isPrivate": false,
			"isInner": false,
			"isStatic": false,
			"name": "setHoverImage",
			"signature": "(hoverImageInfo)"
			},
				
			{
			"isPrivate": false,
			"isInner": false,
			"isStatic": false,
			"name": "setImage",
			"signature": "(imageInfo)"
			},
				
			{
			"isPrivate": false,
			"isInner": false,
			"isStatic": false,
			"name": "setMenu",
			"signature": "(menuOrCallback, shouldToggle, followIconStyle, popupAbove)"
			},
				
			{
			"isPrivate": false,
			"isInner": false,
			"isStatic": false,
			"name": "setSelected",
			"signature": "(selected)"
			},
				
			{
			"isPrivate": false,
			"isInner": false,
			"isStatic": false,
			"name": "setText",
			"signature": "(text)"
			},
				
			{
			"isPrivate": false,
			"isInner": false,
			"isStatic": false,
			"name": "toString",
			"signature": "()"
			},
				
			
		
	]
}
