{
	"constructor": {
		
			"isPrivate": false,
			"isInner": false,
			"name": "DwtButtonColorPicker",
			"signature": "(params)"
		
	},
	"properties": [
		
	],
	"methods": [
		
			
			
			
				
			{
			"isPrivate": false,
			"isInner": false,
			"isStatic": false,
			"name": "getColor",
			"signature": "()"
			},
				
			{
			"isPrivate": false,
			"isInner": false,
			"isStatic": false,
			"name": "setColor",
			"signature": "(color)"
			},
				
			{
			"isPrivate": false,
			"isInner": false,
			"isStatic": false,
			"name": "showColorDisplay",
			"signature": "(disableMouseOver)"
			},
				
			{
			"isPrivate": false,
			"isInner": false,
			"isStatic": true,
			"name": "DwtButtonColorPicker.toHex",
			"signature": "(n, pad)"
			},
				
			
		
	]
}
