{
	"constructor": {
		
			"isPrivate": false,
			"isInner": false,
			"name": "DwtChooserListView",
			"signature": "(params)"
		
	},
	"properties": [
		
			
			
			
				
			{
			"isPrivate": false,
			"isInner": false,
			"isStatic": true,
			"isConstant": false,
			"name": "DwtChooserListView.SOURCE"
			},
				
			{
			"isPrivate": false,
			"isInner": false,
			"isStatic": true,
			"isConstant": false,
			"name": "DwtChooserListView.TARGET"
			}
				
			
		
	],
	"methods": [
		
			
			
			
		
	]
}
