{
	"constructor": {
		
			"isPrivate": false,
			"isInner": false,
			"name": "DwtDropEvent",
			"signature": "()"
		
	},
	"properties": [
		
			
			
			
				
			{
			"isPrivate": false,
			"isInner": false,
			"isStatic": false,
			"isConstant": false,
			"name": "action"
			},
				
			{
			"isPrivate": false,
			"isInner": false,
			"isStatic": false,
			"isConstant": false,
			"name": "doIt"
			},
				
			{
			"isPrivate": false,
			"isInner": false,
			"isStatic": true,
			"isConstant": false,
			"name": "DwtDropEvent.DRAG_DROP"
			},
				
			{
			"isPrivate": false,
			"isInner": false,
			"isStatic": true,
			"isConstant": false,
			"name": "DwtDropEvent.DRAG_ENTER"
			},
				
			{
			"isPrivate": false,
			"isInner": false,
			"isStatic": true,
			"isConstant": false,
			"name": "DwtDropEvent.DRAG_LEAVE"
			},
				
			{
			"isPrivate": false,
			"isInner": false,
			"isStatic": true,
			"isConstant": false,
			"name": "DwtDropEvent.DRAG_OP_CHANGED"
			},
				
			{
			"isPrivate": false,
			"isInner": false,
			"isStatic": false,
			"isConstant": false,
			"name": "operation"
			},
				
			{
			"isPrivate": false,
			"isInner": false,
			"isStatic": false,
			"isConstant": false,
			"name": "srcData"
			},
				
			{
			"isPrivate": false,
			"isInner": false,
			"isStatic": false,
			"isConstant": false,
			"name": "targetControl"
			}
				
			
		
	],
	"methods": [
		
	]
}
