{
	"constructor": {
		
			"isPrivate": false,
			"isInner": false,
			"name": "DwtDragSource",
			"signature": "(supportedOps)"
		
	},
	"properties": [
		
	],
	"methods": [
		
			
			
			
				
			{
			"isPrivate": false,
			"isInner": false,
			"isStatic": false,
			"name": "addDragListener",
			"signature": "(dragSourceListener)"
			},
				
			{
			"isPrivate": false,
			"isInner": false,
			"isStatic": false,
			"name": "removeDragListener",
			"signature": "(dragSourceListener)"
			},
				
			{
			"isPrivate": false,
			"isInner": false,
			"isStatic": false,
			"name": "toString",
			"signature": "()"
			}
				
			
		
	]
}
