{
	"constructor": {
		
			"isPrivate": false,
			"isInner": false,
			"name": "DwtGridSizePicker",
			"signature": "(parent, title)"
		
	},
	"properties": [
		
	],
	"methods": [
		
			
			
			
				
			{
			"isPrivate": false,
			"isInner": false,
			"isStatic": false,
			"name": "addSelectionListener",
			"signature": "(listener)"
			},
				
			{
			"isPrivate": false,
			"isInner": false,
			"isStatic": false,
			"name": "removeSelectionListener",
			"signature": "(listener)"
			},
				
			
		
	]
}
