{
	"constructor": {
		
			"isPrivate": false,
			"isInner": false,
			"name": "DwtShell",
			"signature": "(params)"
		
	},
	"properties": [
		
	],
	"methods": [
		
			
			
			
				
			{
			"isPrivate": false,
			"isInner": false,
			"isStatic": false,
			"name": "addBlurListener",
			"signature": "(listener)"
			},
				
			{
			"isPrivate": false,
			"isInner": false,
			"isStatic": false,
			"name": "addFocusListener",
			"signature": "(listener)"
			},
				
			{
			"isPrivate": false,
			"isInner": false,
			"isStatic": false,
			"name": "addGlobalSelectionListener",
			"signature": "(listener)"
			},
				
			{
			"isPrivate": false,
			"isInner": false,
			"isStatic": true,
			"name": "DwtShell.getShell",
			"signature": "(win)"
			},
				
			{
			"isPrivate": false,
			"isInner": false,
			"isStatic": false,
			"name": "getToolTip",
			"signature": "()"
			},
				
			{
			"isPrivate": false,
			"isInner": false,
			"isStatic": false,
			"name": "removeGlobalSelectionListener",
			"signature": "(listener)"
			},
				
			{
			"isPrivate": false,
			"isInner": false,
			"isStatic": false,
			"name": "setBusy",
			"signature": "(busy, id, showBusyDialog, busyDialogDelay, cancelBusyCallback)"
			},
				
			{
			"isPrivate": false,
			"isInner": false,
			"isStatic": false,
			"name": "setBusyDialogText",
			"signature": "(text)"
			},
				
			{
			"isPrivate": false,
			"isInner": false,
			"isStatic": false,
			"name": "setBusyDialogTitle",
			"signature": "(title)"
			},
				
			
		
	]
}
