{
	"constructor": {
		
			"isPrivate": false,
			"isInner": false,
			"name": "DwtTabViewPage",
			"signature": "(parent, className, posStyle)"
		
	},
	"properties": [
		
	],
	"methods": [
		
			
			
			
				
			{
			"isPrivate": false,
			"isInner": false,
			"isStatic": false,
			"name": "getContentHtmlElement",
			"signature": "()"
			},
				
			{
			"isPrivate": false,
			"isInner": false,
			"isStatic": false,
			"name": "hideMe",
			"signature": "()"
			},
				
			{
			"isPrivate": false,
			"isInner": false,
			"isStatic": false,
			"name": "resetSize",
			"signature": "(newWidth, newHeight)"
			},
				
			{
			"isPrivate": false,
			"isInner": false,
			"isStatic": false,
			"name": "showMe",
			"signature": "()"
			},
				
			
		
	]
}
