{
	"constructor": {
		
			"isPrivate": false,
			"isInner": false,
			"name": "DwtText",
			"signature": "(params, parent, className, posStyle, id)"
		
	},
	"properties": [
		
	],
	"methods": [
		
			
			
			
				
			{
			"isPrivate": false,
			"isInner": false,
			"isStatic": false,
			"name": "getText",
			"signature": "()"
			},
				
			{
			"isPrivate": false,
			"isInner": false,
			"isStatic": false,
			"name": "getTextNode",
			"signature": "()"
			},
				
			{
			"isPrivate": false,
			"isInner": false,
			"isStatic": false,
			"name": "setText",
			"signature": "(text)"
			},
				
			
		
	]
}
