{
	"constructor": {
		
			"isPrivate": false,
			"isInner": false,
			"name": "DwtUnits",
			"signature": "()"
		
	},
	"properties": [
		
			
			
			
				
			{
			"isPrivate": false,
			"isInner": false,
			"isStatic": true,
			"isConstant": false,
			"name": "DwtUnits.CM_UNIT"
			},
				
			{
			"isPrivate": false,
			"isInner": false,
			"isStatic": true,
			"isConstant": false,
			"name": "DwtUnits.INCH_UNIT"
			},
				
			{
			"isPrivate": false,
			"isInner": false,
			"isStatic": true,
			"isConstant": false,
			"name": "DwtUnits.MM_UNIT"
			},
				
			{
			"isPrivate": false,
			"isInner": false,
			"isStatic": true,
			"isConstant": false,
			"name": "DwtUnits.PCT_UNIT"
			},
				
			{
			"isPrivate": false,
			"isInner": false,
			"isStatic": true,
			"isConstant": false,
			"name": "DwtUnits.PIXEL_UNIT"
			},
				
			{
			"isPrivate": false,
			"isInner": false,
			"isStatic": true,
			"isConstant": false,
			"name": "DwtUnits.POINT"
			}
				
			
		
	],
	"methods": [
		
	]
}
