{
	"constructor": {
		
			"isPrivate": false,
			"isInner": false,
			"name": "ZmApptComposeController",
			"signature": "(container, app)"
		
	},
	"properties": [
		
	],
	"methods": [
		
			
			
			
				
			{
			"isPrivate": false,
			"isInner": false,
			"isStatic": false,
			"name": "forwardCalItem",
			"signature": "(appt, forwardCallback)"
			},
				
			{
			"isPrivate": false,
			"isInner": false,
			"isStatic": false,
			"name": "getRecurInfo",
			"signature": "(appt, recurInfoCallback)"
			},
				
			
		
	]
}
