{
	"constructor": {
		
			"isPrivate": false,
			"isInner": false,
			"name": "ZmAttachDialog",
			"signature": "(shell, className)"
		
	},
	"properties": [
		
			
			
			
				
			{
			"isPrivate": false,
			"isInner": false,
			"isStatic": true,
			"isConstant": false,
			"name": "ZmAttachDialog.TABKEY_BRIEFCASE"
			},
				
			{
			"isPrivate": false,
			"isInner": false,
			"isStatic": true,
			"isConstant": false,
			"name": "ZmAttachDialog.TABKEY_MYCOMPUTER"
			}
				
			
		
	],
	"methods": [
		
			
			
			
				
			{
			"isPrivate": false,
			"isInner": false,
			"isStatic": false,
			"name": "addCancelListener",
			"signature": "(tabKey, cancelCallbackOrListener)"
			},
				
			{
			"isPrivate": false,
			"isInner": false,
			"isStatic": false,
			"name": "addOkListener",
			"signature": "(tabKey, cancelCallbackOrListener)"
			},
				
			{
			"isPrivate": false,
			"isInner": false,
			"isStatic": false,
			"name": "getTabView",
			"signature": "()"
			},
				
			{
			"isPrivate": false,
			"isInner": false,
			"isStatic": false,
			"name": "setFooter",
			"signature": "(html)"
			},
				
			{
			"isPrivate": false,
			"isInner": false,
			"isStatic": false,
			"name": "upload",
			"signature": "(callback, uploadForm)"
			},
				
			
		
	]
}
