{
	"constructor": {
		
			"isPrivate": false,
			"isInner": false,
			"name": "ZmAutocomplete",
			"signature": "()"
		
	},
	"properties": [
		
	],
	"methods": [
		
			
			
			
				
			{
			"isPrivate": false,
			"isInner": false,
			"isStatic": true,
			"name": "ZmAutocomplete.acSortCompare",
			"signature": "(a, b)"
			},
				
			{
			"isPrivate": false,
			"isInner": false,
			"isStatic": false,
			"name": "autocompleteMatch",
			"signature": "(str, callback, aclv, options, account)"
			},
				
			{
			"isPrivate": false,
			"isInner": false,
			"isStatic": false,
			"name": "isComplete",
			"signature": "(str)"
			},
				
			{
			"isPrivate": false,
			"isInner": false,
			"isStatic": false,
			"name": "quickComplete",
			"signature": "(str)"
			},
				
			{
			"isPrivate": false,
			"isInner": false,
			"isStatic": false,
			"name": "toString",
			"signature": "()"
			}
				
			
		
	]
}
