{
	"constructor": {
		
			"isPrivate": false,
			"isInner": false,
			"name": "ZmAutocompleteListView",
			"signature": "(params, matchValue, dataClass, dataLoader, parent, className, delims, delimCodes, separator, compCallback, keyDownCallback, keyPressCallback, keyUpCallback, enterCallback, options)"
		
	},
	"properties": [
		
	],
	"methods": [
		
			
			
			
				
			{
			"isPrivate": false,
			"isInner": false,
			"isStatic": true,
			"name": "ZmAutocompleteListView.onKeyDown",
			"signature": "(event)"
			},
				
			{
			"isPrivate": false,
			"isInner": false,
			"isStatic": true,
			"name": "ZmAutocompleteListView.onKeyPress",
			"signature": "(event)"
			},
				
			{
			"isPrivate": false,
			"isInner": false,
			"isStatic": true,
			"name": "ZmAutocompleteListView.onKeyUp",
			"signature": "(event)"
			},
				
			{
			"isPrivate": false,
			"isInner": false,
			"isStatic": false,
			"name": "reset",
			"signature": "()"
			},
				
			{
			"isPrivate": false,
			"isInner": false,
			"isStatic": false,
			"name": "setActiveAccount",
			"signature": "(account)"
			},
				
			{
			"isPrivate": false,
			"isInner": false,
			"isStatic": false,
			"name": "setWaiting",
			"signature": "(on)"
			},
				
			{
			"isPrivate": false,
			"isInner": false,
			"isStatic": false,
			"name": "show",
			"signature": "(show, loc)"
			},
				
			{
			"isPrivate": false,
			"isInner": false,
			"isStatic": false,
			"name": "toString",
			"signature": "()"
			},
				
			
		
	]
}
