{
	"constructor": {
		
			"isPrivate": false,
			"isInner": false,
			"name": "ZmAuthenticate",
			"signature": "()"
		
	},
	"properties": [
		
	],
	"methods": [
		
			
			
			
				
			{
			"isPrivate": false,
			"isInner": false,
			"isStatic": false,
			"name": "execute",
			"signature": "(uname, pword, callback)"
			},
				
			{
			"isPrivate": false,
			"isInner": false,
			"isStatic": true,
			"name": "ZmAuthenticate.setAdmin",
			"signature": "(isAdmin)"
			},
				
			{
			"isPrivate": false,
			"isInner": false,
			"isStatic": false,
			"name": "toString",
			"signature": "()"
			}
				
			
		
	]
}
