{
	"constructor": {
		
			"isPrivate": false,
			"isInner": false,
			"name": "ZmBatchCommand",
			"signature": "(continueOnError, accountName, useJson)"
		
	},
	"properties": [
		
	],
	"methods": [
		
			
			
			
				
			{
			"isPrivate": false,
			"isInner": false,
			"isStatic": false,
			"name": "add",
			"signature": "(cmd)"
			},
				
			{
			"isPrivate": false,
			"isInner": false,
			"isStatic": false,
			"name": "addNewRequestParams",
			"signature": "(request, respCallback, errorCallback)"
			},
				
			{
			"isPrivate": false,
			"isInner": false,
			"isStatic": false,
			"name": "addRequestParams",
			"signature": "(request, respCallback, errorCallback)"
			},
				
			{
			"isPrivate": false,
			"isInner": false,
			"isStatic": false,
			"name": "isSensitive",
			"signature": "()"
			},
				
			{
			"isPrivate": false,
			"isInner": false,
			"isStatic": false,
			"name": "run",
			"signature": "(callback, errorCallback)"
			},
				
			{
			"isPrivate": false,
			"isInner": false,
			"isStatic": false,
			"name": "setSensitive",
			"signature": "(sensitive)"
			},
				
			{
			"isPrivate": false,
			"isInner": false,
			"isStatic": false,
			"name": "size",
			"signature": "()"
			},
				
			{
			"isPrivate": false,
			"isInner": false,
			"isStatic": false,
			"name": "toString",
			"signature": "()"
			}
				
			
		
	]
}
