{
	"constructor": {
		
			"isPrivate": false,
			"isInner": false,
			"name": "ZmBasicPicker",
			"signature": "(parent)"
		
	},
	"properties": [
		
	],
	"methods": [
		
			
			
			
				
			{
			"isPrivate": false,
			"isInner": false,
			"isStatic": false,
			"name": "setContent",
			"signature": "(from)"
			},
				
			{
			"isPrivate": false,
			"isInner": false,
			"isStatic": false,
			"name": "setFrom",
			"signature": "(from)"
			},
				
			{
			"isPrivate": false,
			"isInner": false,
			"isStatic": false,
			"name": "setSubject",
			"signature": "(from)"
			},
				
			{
			"isPrivate": false,
			"isInner": false,
			"isStatic": false,
			"name": "setTo",
			"signature": "(from)"
			},
				
			
		
	]
}
