{
	"constructor": {
		
			"isPrivate": false,
			"isInner": false,
			"name": "ZmCalendarTreeController",
			"signature": "()"
		
	},
	"properties": [
		
	],
	"methods": [
		
			
			
			
				
			{
			"isPrivate": false,
			"isInner": false,
			"isStatic": false,
			"name": "getCheckedCalendars",
			"signature": "(overviewId)"
			},
				
			{
			"isPrivate": false,
			"isInner": false,
			"isStatic": false,
			"name": "getOwnedCalendars",
			"signature": "(overviewId, owner)"
			},
				
			
		
	]
}
