{
	"constructor": {
		
			"isPrivate": false,
			"isInner": false,
			"name": "ZmCalItemComposeController",
			"signature": "(container, app)"
		
	},
	"properties": [
		
	],
	"methods": [
		
			
			
			
				
			{
			"isPrivate": false,
			"isInner": false,
			"isStatic": false,
			"name": "getToolbar",
			"signature": "()"
			},
				
			{
			"isPrivate": false,
			"isInner": false,
			"isStatic": false,
			"name": "saveCalItem",
			"signature": "(attId)"
			},
				
			{
			"isPrivate": false,
			"isInner": false,
			"isStatic": false,
			"name": "toggleSpellCheckButton",
			"signature": "(toggled)"
			},
				
			
		
	]
}
