{
	"constructor": {
		
			"isPrivate": false,
			"isInner": false,
			"name": "ZmClientCmdHandler",
			"signature": "()"
		
	},
	"properties": [
		
	],
	"methods": [
		
			
			
			
				
			{
			"isPrivate": false,
			"isInner": false,
			"isStatic": false,
			"name": "execute",
			"signature": "(cmdStr, searchController, cmdArg1)"
			},
				
			{
			"isPrivate": false,
			"isInner": false,
			"isStatic": false,
			"name": "execute_a",
			"signature": "(cmdStr, searchController, cmdArg1, cmdArg1)"
			},
				
			{
			"isPrivate": false,
			"isInner": false,
			"isStatic": false,
			"name": "execute_alert",
			"signature": "(cmdStr, searchController, cmdArg1, cmdArg2, cmdArg2)"
			},
				
			{
			"isPrivate": false,
			"isInner": false,
			"isStatic": false,
			"name": "execute_compose",
			"signature": "(cmdStr, searchController, cmdArg1, cmdArg1)"
			},
				
			{
			"isPrivate": false,
			"isInner": false,
			"isStatic": false,
			"name": "execute_debug",
			"signature": "(cmdStr, searchController, cmdArg1, cmdArg1)"
			},
				
			{
			"isPrivate": false,
			"isInner": false,
			"isStatic": false,
			"name": "execute_debugtrace",
			"signature": "(cmdStr, searchController, cmdArg1, cmdArg1)"
			},
				
			{
			"isPrivate": false,
			"isInner": false,
			"isStatic": false,
			"name": "execute_error",
			"signature": "(cmdStr, searchController, cmdArg1, cmdArg2, cmdArg2)"
			},
				
			{
			"isPrivate": false,
			"isInner": false,
			"isStatic": false,
			"name": "execute_expire",
			"signature": "(cmdStr, searchController, cmdArg1, cmdArg1)"
			},
				
			{
			"isPrivate": false,
			"isInner": false,
			"isStatic": false,
			"name": "execute_get",
			"signature": "(cmdStr, searchController, cmdArg1, cmdArg1)"
			},
				
			{
			"isPrivate": false,
			"isInner": false,
			"isStatic": false,
			"name": "execute_instant_notify",
			"signature": "(cmdStr, searchController, cmdArg1, cmdArg1)"
			},
				
			{
			"isPrivate": false,
			"isInner": false,
			"isStatic": false,
			"name": "execute_leak",
			"signature": "(cmdStr, searchController, cmdArg1, cmdArg1)"
			},
				
			{
			"isPrivate": false,
			"isInner": false,
			"isStatic": false,
			"name": "execute_log",
			"signature": "(cmdStr, searchController, cmdArg1, cmdArg1)"
			},
				
			{
			"isPrivate": false,
			"isInner": false,
			"isStatic": false,
			"name": "execute_modify",
			"signature": "(cmdStr, searchController, cmdArg1, cmdArg2, cmdArg2)"
			},
				
			{
			"isPrivate": false,
			"isInner": false,
			"isStatic": false,
			"name": "execute_noop",
			"signature": "(cmdStr, searchController, cmdArg1, cmdArg1)"
			},
				
			{
			"isPrivate": false,
			"isInner": false,
			"isStatic": false,
			"name": "execute_poll",
			"signature": "(cmdStr, searchController, cmdArg1, cmdArg1)"
			},
				
			{
			"isPrivate": false,
			"isInner": false,
			"isStatic": false,
			"name": "execute_refresh",
			"signature": "(cmdStr, searchController, cmdArg1, cmdArg1)"
			},
				
			{
			"isPrivate": false,
			"isInner": false,
			"isStatic": false,
			"name": "execute_relogin",
			"signature": "(cmdStr, searchController, cmdArg1, cmdArg2, cmdArg2)"
			},
				
			{
			"isPrivate": false,
			"isInner": false,
			"isStatic": false,
			"name": "execute_rh",
			"signature": "(cmdStr, searchController, cmdArg1, cmdArg1)"
			},
				
			{
			"isPrivate": false,
			"isInner": false,
			"isStatic": false,
			"name": "execute_rr",
			"signature": "(cmdStr, searchController, cmdArg1, cmdArg1)"
			},
				
			{
			"isPrivate": false,
			"isInner": false,
			"isStatic": false,
			"name": "execute_support",
			"signature": "(cmdStr, searchController, cmdArg1, cmdArg1)"
			},
				
			{
			"isPrivate": false,
			"isInner": false,
			"isStatic": false,
			"name": "execute_tabs",
			"signature": "(cmdStr, searchController, cmdArg1, cmdArg1)"
			},
				
			{
			"isPrivate": false,
			"isInner": false,
			"isStatic": false,
			"name": "execute_toast",
			"signature": "(cmdStr, searchController, cmdArg1, cmdArg1)"
			},
				
			{
			"isPrivate": false,
			"isInner": false,
			"isStatic": false,
			"name": "execute_ymid",
			"signature": "(cmdStr, searchController, cmdArg1, cmdArg1)"
			}
				
			
		
	]
}
