{
	"constructor": {
		
			"isPrivate": false,
			"isInner": false,
			"name": "ZmCsfeResult",
			"signature": "(data, isException, header)"
		
	},
	"properties": [
		
	],
	"methods": [
		
			
			
			
				
			{
			"isPrivate": false,
			"isInner": false,
			"isStatic": false,
			"name": "getException",
			"signature": "()"
			},
				
			{
			"isPrivate": false,
			"isInner": false,
			"isStatic": false,
			"name": "getHeader",
			"signature": "()"
			},
				
			{
			"isPrivate": false,
			"isInner": false,
			"isStatic": false,
			"name": "getResponse",
			"signature": "()"
			},
				
			{
			"isPrivate": false,
			"isInner": false,
			"isStatic": false,
			"name": "isException",
			"signature": "()"
			},
				
			{
			"isPrivate": false,
			"isInner": false,
			"isStatic": false,
			"name": "set",
			"signature": "(data, isException, header)"
			},
				
			{
			"isPrivate": false,
			"isInner": false,
			"isStatic": false,
			"name": "toString",
			"signature": "()"
			}
				
			
		
	]
}
