{
	"constructor": {
		
			"isPrivate": false,
			"isInner": false,
			"name": "ZmFilterRuleDialog",
			"signature": "()"
		
	},
	"properties": [
		
	],
	"methods": [
		
			
			
			
				
			{
			"isPrivate": false,
			"isInner": false,
			"isStatic": false,
			"name": "getTabGroupMember",
			"signature": "()"
			},
				
			{
			"isPrivate": false,
			"isInner": false,
			"isStatic": false,
			"name": "popdown",
			"signature": "()"
			},
				
			{
			"isPrivate": false,
			"isInner": false,
			"isStatic": false,
			"name": "popup",
			"signature": "(rule, editMode, referenceRule, accountName)"
			},
				
			
		
	]
}
