{
	"constructor": {
		
			"isPrivate": false,
			"isInner": false,
			"name": "ZmFolderTree",
			"signature": "(type)"
		
	},
	"properties": [
		
	],
	"methods": [
		
			
			
			
				
			{
			"isPrivate": false,
			"isInner": false,
			"isStatic": true,
			"name": "ZmFolderTree.createFolder",
			"signature": "(type, parent, obj, tree, path, elementType, account)"
			},
				
			{
			"isPrivate": false,
			"isInner": false,
			"isStatic": true,
			"name": "ZmFolderTree.createFromJs",
			"signature": "(parent, obj, tree, elementType, path, account)"
			},
				
			{
			"isPrivate": false,
			"isInner": false,
			"isStatic": false,
			"name": "getByPath",
			"signature": "(path, useSystemName)"
			},
				
			{
			"isPrivate": false,
			"isInner": false,
			"isStatic": false,
			"name": "getByType",
			"signature": "(type)"
			},
				
			{
			"isPrivate": false,
			"isInner": false,
			"isStatic": false,
			"name": "getPermissions",
			"signature": "(params)"
			},
				
			{
			"isPrivate": false,
			"isInner": false,
			"isStatic": false,
			"name": "handleDeleteNoSuchFolder",
			"signature": "(organizer)"
			},
				
			{
			"isPrivate": false,
			"isInner": false,
			"isStatic": false,
			"name": "handleNoSuchFolderError",
			"signature": "(organizerType, zid, rid)"
			},
				
			{
			"isPrivate": false,
			"isInner": false,
			"isStatic": false,
			"name": "loadFromJs",
			"signature": "(rootObj, elementType, account)"
			},
				
			{
			"isPrivate": false,
			"isInner": false,
			"isStatic": false,
			"name": "toString",
			"signature": "()"
			},
				
			
		
	]
}
