{
	"constructor": {
		
			"isPrivate": false,
			"isInner": false,
			"name": "ZmImapAccount",
			"signature": "(id)"
		
	},
	"properties": [
		
			
			
			
				
			{
			"isPrivate": false,
			"isInner": false,
			"isStatic": true,
			"isConstant": false,
			"name": "ZmImapAccount.PORT_CLEAR"
			},
				
			{
			"isPrivate": false,
			"isInner": false,
			"isStatic": true,
			"isConstant": false,
			"name": "ZmImapAccount.PORT_SSL"
			}
				
			
		
	],
	"methods": [
		
			
			
			
				
			{
			"isPrivate": false,
			"isInner": false,
			"isStatic": false,
			"name": "getDefaultPort",
			"signature": "()"
			},
				
			{
			"isPrivate": false,
			"isInner": false,
			"isStatic": true,
			"name": "ZmImapAccount.sortCompare",
			"signature": "(folderA, folderB)"
			},
				
			
		
	]
}
