{
	"constructor": {
		
			"isPrivate": false,
			"isInner": false,
			"name": "ZmLocale",
			"signature": "(id, name, image)"
		
	},
	"properties": [
		
	],
	"methods": [
		
			
			
			
				
			{
			"isPrivate": false,
			"isInner": false,
			"isStatic": true,
			"name": "ZmLocale.create",
			"signature": "(id, name)"
			},
				
			{
			"isPrivate": false,
			"isInner": false,
			"isStatic": false,
			"name": "getImage",
			"signature": "()"
			},
				
			{
			"isPrivate": false,
			"isInner": false,
			"isStatic": true,
			"name": "ZmLocale.hasChoices",
			"signature": "()"
			}
				
			
		
	]
}
