{
	"constructor": {
		
			"isPrivate": false,
			"isInner": false,
			"name": "ZmLoginDialog",
			"signature": "(parent, className)"
		
	},
	"properties": [
		
	],
	"methods": [
		
			
			
			
				
			{
			"isPrivate": false,
			"isInner": false,
			"isStatic": false,
			"name": "clearAll",
			"signature": "()"
			},
				
			{
			"isPrivate": false,
			"isInner": false,
			"isStatic": false,
			"name": "clearPassword",
			"signature": "()"
			},
				
			{
			"isPrivate": false,
			"isInner": false,
			"isStatic": false,
			"name": "setError",
			"signature": "(errorStr)"
			},
				
			{
			"isPrivate": false,
			"isInner": false,
			"isStatic": false,
			"name": "setFocus",
			"signature": "(username, bReloginMode)"
			},
				
			
		
	]
}
