{
	"constructor": {
		
			"isPrivate": false,
			"isInner": false,
			"name": "ZmMailListController",
			"signature": "(container, mailApp)"
		
	},
	"properties": [
		
	],
	"methods": [
		
			
			
			
				
			{
			"isPrivate": false,
			"isInner": false,
			"isStatic": false,
			"name": "getMsg",
			"signature": "(params)"
			},
				
			{
			"isPrivate": false,
			"isInner": false,
			"isStatic": false,
			"name": "isReadingPaneOn",
			"signature": "()"
			},
				
			{
			"isPrivate": false,
			"isInner": false,
			"isStatic": false,
			"name": "isReadingPaneOnRight",
			"signature": "()"
			},
				
			{
			"isPrivate": false,
			"isInner": false,
			"isStatic": false,
			"name": "sendReadReceipt",
			"signature": "(msg)"
			},
				
			{
			"isPrivate": false,
			"isInner": false,
			"isStatic": false,
			"name": "switchView",
			"signature": "(view, force)"
			},
				
			
		
	]
}
