{
	"constructor": {
		
			"isPrivate": false,
			"isInner": false,
			"name": "ZmMetaData",
			"signature": "(account, itemId)"
		
	},
	"properties": [
		
	],
	"methods": [
		
			
			
			
				
			{
			"isPrivate": false,
			"isInner": false,
			"isStatic": false,
			"name": "get",
			"signature": "(section, batchCommand, callback, errorCallback)"
			},
				
			{
			"isPrivate": false,
			"isInner": false,
			"isStatic": false,
			"name": "load",
			"signature": "(sections, callback, batchCommand)"
			},
				
			{
			"isPrivate": false,
			"isInner": false,
			"isStatic": false,
			"name": "modify",
			"signature": "(section, data, batchCommand, callback, errorCallback)"
			},
				
			{
			"isPrivate": false,
			"isInner": false,
			"isStatic": false,
			"name": "save",
			"signature": "(sections, callback, batchCommand)"
			},
				
			{
			"isPrivate": false,
			"isInner": false,
			"isStatic": false,
			"name": "set",
			"signature": "(section, data, batchCommand, callback, errorCallback)"
			},
				
			{
			"isPrivate": false,
			"isInner": false,
			"isStatic": false,
			"name": "toString",
			"signature": "()"
			},
				
			{
			"isPrivate": false,
			"isInner": false,
			"isStatic": false,
			"name": "update",
			"signature": "(section, key, value)"
			}
				
			
		
	]
}
