{
	"constructor": {
		
			"isPrivate": false,
			"isInner": false,
			"name": "ZmPortletMgr",
			"signature": "()"
		
	},
	"properties": [
		
	],
	"methods": [
		
			
			
			
				
			{
			"isPrivate": false,
			"isInner": false,
			"isStatic": false,
			"name": "createPortlet",
			"signature": "(id, portletDef)"
			},
				
			{
			"isPrivate": false,
			"isInner": false,
			"isStatic": false,
			"name": "createPortlets",
			"signature": "(global, manifest)"
			},
				
			{
			"isPrivate": false,
			"isInner": false,
			"isStatic": false,
			"name": "getPortletById",
			"signature": "(id)"
			},
				
			{
			"isPrivate": false,
			"isInner": false,
			"isStatic": false,
			"name": "getPortlets",
			"signature": "()"
			}
				
			
		
	]
}
