{
	"constructor": {
		
			"isPrivate": false,
			"isInner": false,
			"name": "ZmPopupMenu",
			"signature": "(parent, className, id, controller)"
		
	},
	"properties": [
		
	],
	"methods": [
		
			
			
			
				
			{
			"isPrivate": false,
			"isInner": false,
			"isStatic": false,
			"name": "addSelectionListener",
			"signature": "(menuItemId, listener, index)"
			},
				
			{
			"isPrivate": false,
			"isInner": false,
			"isStatic": false,
			"name": "createMenuItem",
			"signature": "(id, params, text, image, disImage, enabled, style, radioGroupId, shortcut)"
			},
				
			{
			"isPrivate": false,
			"isInner": false,
			"isStatic": false,
			"name": "createSeparator",
			"signature": "()"
			},
				
			{
			"isPrivate": false,
			"isInner": false,
			"isStatic": false,
			"name": "enable",
			"signature": "(ids, enabled)"
			},
				
			{
			"isPrivate": false,
			"isInner": false,
			"isStatic": false,
			"name": "enableAll",
			"signature": "(enabled)"
			},
				
			{
			"isPrivate": false,
			"isInner": false,
			"isStatic": false,
			"name": "getMenuItem",
			"signature": "(id)"
			},
				
			{
			"isPrivate": false,
			"isInner": false,
			"isStatic": false,
			"name": "removeSelectionListener",
			"signature": "(menuItemId, listener)"
			},
				
			
		
	]
}
