{
	"constructor": {
		
			"isPrivate": false,
			"isInner": false,
			"name": "ZmPortletView",
			"signature": "(parentEl, portlet, className)"
		
	},
	"properties": [
		
	],
	"methods": [
		
			
			
			
				
			{
			"isPrivate": false,
			"isInner": false,
			"isStatic": false,
			"name": "setContentUrl",
			"signature": "(url)"
			},
				
			{
			"isPrivate": false,
			"isInner": false,
			"isStatic": false,
			"name": "setIcon",
			"signature": "(icon)"
			},
				
			{
			"isPrivate": false,
			"isInner": false,
			"isStatic": false,
			"name": "setTitle",
			"signature": "(title)"
			},
				
			{
			"isPrivate": false,
			"isInner": false,
			"isStatic": false,
			"name": "toString",
			"signature": "()"
			},
				
			
		
	]
}
