{
	"constructor": {
		
			"isPrivate": false,
			"isInner": false,
			"name": "ZmPortlet",
			"signature": "(list, id, def)"
		
	},
	"properties": [
		
	],
	"methods": [
		
			
			
			
				
			{
			"isPrivate": false,
			"isInner": false,
			"isStatic": false,
			"name": "refresh",
			"signature": "()"
			},
				
			{
			"isPrivate": false,
			"isInner": false,
			"isStatic": false,
			"name": "setContent",
			"signature": "(content)"
			},
				
			{
			"isPrivate": false,
			"isInner": false,
			"isStatic": false,
			"name": "setContentUrl",
			"signature": "(url)"
			},
				
			{
			"isPrivate": false,
			"isInner": false,
			"isStatic": false,
			"name": "setPaused",
			"signature": "(paused)"
			},
				
			{
			"isPrivate": false,
			"isInner": false,
			"isStatic": false,
			"name": "setRefreshInterval",
			"signature": "(interval)"
			},
				
			
		
	]
}
