{
	"constructor": {
		
			"isPrivate": false,
			"isInner": false,
			"name": "ZmPromptDialog",
			"signature": "(args)"
		
	},
	"properties": [
		
	],
	"methods": [
		
			
			
			
				
			{
			"isPrivate": false,
			"isInner": false,
			"isStatic": true,
			"name": "ZmPromptDialog.getInstance",
			"signature": "()"
			},
				
			{
			"isPrivate": false,
			"isInner": false,
			"isStatic": true,
			"name": "ZmPromptDialog.getPasswordInstance",
			"signature": "()"
			},
				
			{
			"isPrivate": false,
			"isInner": false,
			"isStatic": false,
			"name": "popup",
			"signature": "(params)"
			},
				
			
		
	]
}
