{
	"constructor": {
		
			"isPrivate": false,
			"isInner": false,
			"name": "ZmPreferencesApp",
			"signature": "(container, parentController)"
		
	},
	"properties": [
		
	],
	"methods": [
		
			
			
			
				
			{
			"isPrivate": false,
			"isInner": false,
			"isStatic": false,
			"name": "getFilterController",
			"signature": "()"
			},
				
			{
			"isPrivate": false,
			"isInner": false,
			"isStatic": false,
			"name": "getFilterRules",
			"signature": "(accountName)"
			},
				
			{
			"isPrivate": false,
			"isInner": false,
			"isStatic": false,
			"name": "getPrefController",
			"signature": "()"
			},
				
			
		
	]
}
