{
	"constructor": {
		
			"isPrivate": false,
			"isInner": false,
			"name": "ZmRequestMgr",
			"signature": "(controller)"
		
	},
	"properties": [
		
	],
	"methods": [
		
			
			
			
				
			{
			"isPrivate": false,
			"isInner": false,
			"isStatic": false,
			"name": "cancelRequest",
			"signature": "(reqId, errorCallback, noBusyOverlay)"
			},
				
			{
			"isPrivate": false,
			"isInner": false,
			"isStatic": false,
			"name": "sendRequest",
			"signature": "(params)"
			},
				
			{
			"isPrivate": false,
			"isInner": false,
			"isStatic": false,
			"name": "toString",
			"signature": "()"
			}
				
			
		
	]
}
