{
	"constructor": {
		
			"isPrivate": false,
			"isInner": false,
			"name": "ZmResourceList",
			"signature": "(resType, search)"
		
	},
	"properties": [
		
	],
	"methods": [
		
			
			
			
				
			{
			"isPrivate": false,
			"isInner": false,
			"isStatic": false,
			"name": "getResourceByEmail",
			"signature": "(address)"
			},
				
			{
			"isPrivate": false,
			"isInner": false,
			"isStatic": false,
			"name": "getResourceByName",
			"signature": "(name)"
			},
				
			{
			"isPrivate": false,
			"isInner": false,
			"isStatic": false,
			"name": "load",
			"signature": "(batchCmd)"
			},
				
			{
			"isPrivate": false,
			"isInner": false,
			"isStatic": false,
			"name": "searchCalResources",
			"signature": "(params)"
			},
				
			
		
	]
}
