{
	"constructor": {
		
			"isPrivate": false,
			"isInner": false,
			"name": "ZmSignature",
			"signature": "(id)"
		
	},
	"properties": [
		
			
			
			
				
			{
			"isPrivate": false,
			"isInner": false,
			"isStatic": false,
			"isConstant": false,
			"name": "contentType"
			},
				
			{
			"isPrivate": false,
			"isInner": false,
			"isStatic": false,
			"isConstant": false,
			"name": "name"
			},
				
			{
			"isPrivate": false,
			"isInner": false,
			"isStatic": false,
			"isConstant": false,
			"name": "value"
			}
				
			
		
	],
	"methods": [
		
			
			
			
				
			{
			"isPrivate": false,
			"isInner": false,
			"isStatic": false,
			"name": "create",
			"signature": "(callback, errorCallback, batchCmd)"
			},
				
			{
			"isPrivate": false,
			"isInner": false,
			"isStatic": false,
			"name": "doDelete",
			"signature": "(callback, errorCallback, batchCmd)"
			},
				
			{
			"isPrivate": false,
			"isInner": false,
			"isStatic": false,
			"name": "getContentType",
			"signature": "()"
			},
				
			{
			"isPrivate": false,
			"isInner": false,
			"isStatic": false,
			"name": "save",
			"signature": "(callback, errorCallback, batchCmd)"
			},
				
			{
			"isPrivate": false,
			"isInner": false,
			"isStatic": false,
			"name": "setContentType",
			"signature": "(ct)"
			},
				
			{
			"isPrivate": false,
			"isInner": false,
			"isStatic": false,
			"name": "setFromJson",
			"signature": "(object)"
			}
				
			
		
	]
}
