{
	"constructor": {
		
			"isPrivate": false,
			"isInner": false,
			"name": "ZmStatusView",
			"signature": "(parent, className, posStyle, id)"
		
	},
	"properties": [
		
			
			
			
				
			{
			"isPrivate": false,
			"isInner": false,
			"isStatic": true,
			"isConstant": false,
			"name": "ZmStatusView.LEVEL_CRITICAL"
			},
				
			{
			"isPrivate": false,
			"isInner": false,
			"isStatic": true,
			"isConstant": false,
			"name": "ZmStatusView.LEVEL_INFO"
			},
				
			{
			"isPrivate": false,
			"isInner": false,
			"isStatic": true,
			"isConstant": false,
			"name": "ZmStatusView.LEVEL_WARNING"
			}
				
			
		
	],
	"methods": [
		
			
			
			
				
			{
			"isPrivate": false,
			"isInner": false,
			"isStatic": true,
			"name": "ZmStatusView.getClass",
			"signature": "(work)"
			},
				
			{
			"isPrivate": false,
			"isInner": false,
			"isStatic": true,
			"name": "ZmStatusView.getImageHtml",
			"signature": "(work)"
			},
				
			{
			"isPrivate": false,
			"isInner": false,
			"isStatic": false,
			"name": "setStatusMsg",
			"signature": "(msg, level, detail, transitions, toast)"
			},
				
			
		
	]
}
