{
	"constructor": {
		
			"isPrivate": false,
			"isInner": false,
			"name": "ZmTimezone",
			"signature": "()"
		
	},
	"properties": [
		
	],
	"methods": [
		
			
			
			
				
			{
			"isPrivate": false,
			"isInner": false,
			"isStatic": true,
			"name": "ZmTimezone.getDefault",
			"signature": "()"
			},
				
			{
			"isPrivate": false,
			"isInner": false,
			"isStatic": true,
			"name": "ZmTimezone.getDefaultRule",
			"signature": "()"
			},
				
			{
			"isPrivate": false,
			"isInner": false,
			"isStatic": true,
			"name": "ZmTimezone.set",
			"signature": "(request, timezoneClientId, parentNode, skipKnownTimezone)"
			}
				
			
		
	]
}
