{
	"constructor": {
		
			"isPrivate": false,
			"isInner": false,
			"name": "ZmTreeView",
			"signature": "(params)"
		
	},
	"properties": [
		
	],
	"methods": [
		
			
			
			
				
			{
			"isPrivate": false,
			"isInner": false,
			"isStatic": false,
			"name": "getHeaderItem",
			"signature": "()"
			},
				
			{
			"isPrivate": false,
			"isInner": false,
			"isStatic": false,
			"name": "getNextData",
			"signature": "(id)"
			},
				
			{
			"isPrivate": false,
			"isInner": false,
			"isStatic": false,
			"name": "getSelected",
			"signature": "()"
			},
				
			{
			"isPrivate": false,
			"isInner": false,
			"isStatic": true,
			"name": "ZmTreeView.getSortIndex",
			"signature": "(node, organizer, sortFunction)"
			},
				
			{
			"isPrivate": false,
			"isInner": false,
			"isStatic": false,
			"name": "getTreeItemById",
			"signature": "(id)"
			},
				
			{
			"isPrivate": false,
			"isInner": false,
			"isStatic": false,
			"name": "set",
			"signature": "(params)"
			},
				
			{
			"isPrivate": false,
			"isInner": false,
			"isStatic": false,
			"name": "setSelected",
			"signature": "(organizer, skipNotify, noFocus)"
			},
				
			{
			"isPrivate": false,
			"isInner": false,
			"isStatic": false,
			"name": "toString",
			"signature": "()"
			},
				
			
		
	]
}
