
{
	"classes":
			[







	{
		"className": "AjxCallback",
		"package": "ajax.boot.AjxCallback",
		"link": "symbols/AjxCallback.json"
	},




	{
		"className": "AjxColor",
		"package": "ajax.core.AjxColor",
		"link": "symbols/AjxColor.json"
	},




	{
		"className": "AjxDispatcher",
		"package": "ajax.boot.AjxDispatcher",
		"link": "symbols/AjxDispatcher.json"
	},




	{
		"className": "AjxEmailAddress",
		"package": "ajax.util.AjxEmailAddress",
		"link": "symbols/AjxEmailAddress.json"
	},




	{
		"className": "AjxException",
		"package": "ajax.core.AjxException",
		"link": "symbols/AjxException.json"
	},




	{
		"className": "AjxListener",
		"package": "ajax.events.AjxListener",
		"link": "symbols/AjxListener.json"
	},




	{
		"className": "AjxRpc",
		"package": "ajax.net.AjxRpc",
		"link": "symbols/AjxRpc.json"
	},




	{
		"className": "AjxRpcRequest",
		"package": "ajax.net.AjxRpcRequest",
		"link": "symbols/AjxRpcRequest.json"
	},




	{
		"className": "AjxSoapDoc",
		"package": "ajax.soap.AjxSoapDoc",
		"link": "symbols/AjxSoapDoc.json"
	},




	{
		"className": "AjxStringUtil",
		"package": "ajax.util.AjxStringUtil",
		"link": "symbols/AjxStringUtil.json"
	},




	{
		"className": "AjxTemplate",
		"package": "ajax.boot.AjxTemplate",
		"link": "symbols/AjxTemplate.json"
	},




	{
		"className": "AjxVector",
		"package": "ajax.util.AjxVector",
		"link": "symbols/AjxVector.json"
	},




	{
		"className": "AjxXmlDoc",
		"package": "ajax.xml.AjxXmlDoc",
		"link": "symbols/AjxXmlDoc.json"
	},




	{
		"className": "Dwt",
		"package": "ajax.dwt.core.Dwt",
		"link": "symbols/Dwt.json"
	},




	{
		"className": "DwtAccordion",
		"package": "ajax.dwt.widgets.DwtAccordion",
		"link": "symbols/DwtAccordion.json"
	},




	{
		"className": "DwtAccordionItem",
		"package": "ajax.dwt.widgets.DwtAccordionItem",
		"link": "symbols/DwtAccordionItem.json"
	},




	{
		"className": "DwtAlert",
		"package": "ajax.dwt.widgets.DwtAlert",
		"link": "symbols/DwtAlert.json"
	},




	{
		"className": "DwtBaseDialog",
		"package": "ajax.dwt.widgets.DwtBaseDialog",
		"link": "symbols/DwtBaseDialog.json"
	},




	{
		"className": "DwtBorderlessButton",
		"package": "ajax.dwt.widgets.DwtBorderlessButton",
		"link": "symbols/DwtBorderlessButton.json"
	},




	{
		"className": "DwtButton",
		"package": "ajax.dwt.widgets.DwtButton",
		"link": "symbols/DwtButton.json"
	},




	{
		"className": "DwtButtonColorPicker",
		"package": "ajax.dwt.widgets.DwtButtonColorPicker",
		"link": "symbols/DwtButtonColorPicker.json"
	},




	{
		"className": "DwtCalendar",
		"package": "ajax.dwt.widgets.DwtCalendar",
		"link": "symbols/DwtCalendar.json"
	},




	{
		"className": "DwtCheckbox",
		"package": "ajax.dwt.widgets.DwtCheckbox",
		"link": "symbols/DwtCheckbox.json"
	},




	{
		"className": "DwtChooser",
		"package": "ajax.dwt.widgets.DwtChooser",
		"link": "symbols/DwtChooser.json"
	},




	{
		"className": "DwtChooserListView",
		"package": "ajax.dwt.widgets.DwtChooserListView",
		"link": "symbols/DwtChooserListView.json"
	},




	{
		"className": "DwtColorPicker",
		"package": "ajax.dwt.widgets.DwtColorPicker",
		"link": "symbols/DwtColorPicker.json"
	},




	{
		"className": "DwtComboBox",
		"package": "ajax.dwt.widgets.DwtComboBox",
		"link": "symbols/DwtComboBox.json"
	},




	{
		"className": "DwtComposite",
		"package": "ajax.dwt.widgets.DwtComposite",
		"link": "symbols/DwtComposite.json"
	},




	{
		"className": "DwtConfirmDialog",
		"package": "ajax.dwt.widgets.DwtConfirmDialog",
		"link": "symbols/DwtConfirmDialog.json"
	},




	{
		"className": "DwtControl",
		"package": "ajax.dwt.widgets.DwtControl",
		"link": "symbols/DwtControl.json"
	},




	{
		"className": "DwtDialog",
		"package": "ajax.dwt.widgets.DwtDialog",
		"link": "symbols/DwtDialog.json"
	},




	{
		"className": "DwtDialog_ButtonDescriptor",
		"package": "ajax.dwt.widgets.DwtDialog_ButtonDescriptor",
		"link": "symbols/DwtDialog_ButtonDescriptor.json"
	},




	{
		"className": "DwtDragEvent",
		"package": "ajax.dwt.dnd.DwtDragEvent",
		"link": "symbols/DwtDragEvent.json"
	},




	{
		"className": "DwtDragSource",
		"package": "ajax.dwt.dnd.DwtDragSource",
		"link": "symbols/DwtDragSource.json"
	},




	{
		"className": "DwtDropEvent",
		"package": "ajax.dwt.dnd.DwtDropEvent",
		"link": "symbols/DwtDropEvent.json"
	},




	{
		"className": "DwtDropTarget",
		"package": "ajax.dwt.dnd.DwtDropTarget",
		"link": "symbols/DwtDropTarget.json"
	},




	{
		"className": "DwtEvent",
		"package": "ajax.dwt.events.DwtEvent",
		"link": "symbols/DwtEvent.json"
	},




	{
		"className": "DwtException",
		"package": "ajax.dwt.core.DwtException",
		"link": "symbols/DwtException.json"
	},




	{
		"className": "DwtGridSizePicker",
		"package": "ajax.dwt.widgets.DwtGridSizePicker",
		"link": "symbols/DwtGridSizePicker.json"
	},




	{
		"className": "DwtHeaderTreeItem",
		"package": "ajax.dwt.widgets.DwtHeaderTreeItem",
		"link": "symbols/DwtHeaderTreeItem.json"
	},




	{
		"className": "DwtHtmlEditor",
		"package": "ajax.dwt.widgets.DwtHtmlEditor",
		"link": "symbols/DwtHtmlEditor.json"
	},




	{
		"className": "DwtId",
		"package": "ajax.dwt.core.DwtId",
		"link": "symbols/DwtId.json"
	},




	{
		"className": "DwtIframe",
		"package": "ajax.dwt.widgets.DwtIframe",
		"link": "symbols/DwtIframe.json"
	},




	{
		"className": "DwtInputField",
		"package": "ajax.dwt.widgets.DwtInputField",
		"link": "symbols/DwtInputField.json"
	},




	{
		"className": "DwtKeyMap",
		"package": "ajax.dwt.keyboard.DwtKeyMap",
		"link": "symbols/DwtKeyMap.json"
	},




	{
		"className": "DwtLabel",
		"package": "ajax.dwt.widgets.DwtLabel",
		"link": "symbols/DwtLabel.json"
	},




	{
		"className": "DwtListView",
		"package": "ajax.dwt.widgets.DwtListView",
		"link": "symbols/DwtListView.json"
	},




	{
		"className": "DwtMenu",
		"package": "ajax.dwt.widgets.DwtMenu",
		"link": "symbols/DwtMenu.json"
	},




	{
		"className": "DwtMenuItem",
		"package": "ajax.dwt.widgets.DwtMenuItem",
		"link": "symbols/DwtMenuItem.json"
	},




	{
		"className": "DwtMessageComposite",
		"package": "ajax.dwt.widgets.DwtMessageComposite",
		"link": "symbols/DwtMessageComposite.json"
	},




	{
		"className": "DwtMessageDialog",
		"package": "ajax.dwt.widgets.DwtMessageDialog",
		"link": "symbols/DwtMessageDialog.json"
	},




	{
		"className": "DwtPasswordField",
		"package": "ajax.dwt.widgets.DwtPasswordField",
		"link": "symbols/DwtPasswordField.json"
	},




	{
		"className": "DwtPoint",
		"package": "ajax.dwt.graphics.DwtPoint",
		"link": "symbols/DwtPoint.json"
	},




	{
		"className": "DwtProgressBar",
		"package": "ajax.dwt.widgets.DwtProgressBar",
		"link": "symbols/DwtProgressBar.json"
	},




	{
		"className": "DwtPropertyPage",
		"package": "ajax.dwt.widgets.DwtPropertyPage",
		"link": "symbols/DwtPropertyPage.json"
	},




	{
		"className": "DwtRadioButton",
		"package": "ajax.dwt.widgets.DwtRadioButton",
		"link": "symbols/DwtRadioButton.json"
	},




	{
		"className": "DwtRectangle",
		"package": "ajax.dwt.graphics.DwtRectangle",
		"link": "symbols/DwtRectangle.json"
	},




	{
		"className": "DwtSash",
		"package": "ajax.dwt.widgets.DwtSash",
		"link": "symbols/DwtSash.json"
	},




	{
		"className": "DwtSelect",
		"package": "ajax.dwt.widgets.DwtSelect",
		"link": "symbols/DwtSelect.json"
	},




	{
		"className": "DwtSelectMenu",
		"package": "ajax.dwt.widgets.DwtSelectMenu",
		"link": "symbols/DwtSelectMenu.json"
	},




	{
		"className": "DwtSelectMenuItem",
		"package": "ajax.dwt.widgets.DwtSelectMenuItem",
		"link": "symbols/DwtSelectMenuItem.json"
	},




	{
		"className": "DwtSelectOption",
		"package": "ajax.dwt.widgets.DwtSelectOption",
		"link": "symbols/DwtSelectOption.json"
	},




	{
		"className": "DwtShell",
		"package": "ajax.dwt.widgets.DwtShell",
		"link": "symbols/DwtShell.json"
	},




	{
		"className": "DwtSlider",
		"package": "ajax.dwt.widgets.DwtSlider",
		"link": "symbols/DwtSlider.json"
	},




	{
		"className": "DwtSoundPlugin",
		"package": "ajax.dwt.widgets.DwtSoundPlugin",
		"link": "symbols/DwtSoundPlugin.json"
	},




	{
		"className": "DwtSpinner",
		"package": "ajax.dwt.widgets.DwtSpinner",
		"link": "symbols/DwtSpinner.json"
	},




	{
		"className": "DwtTabBar",
		"package": "ajax.dwt.widgets.DwtTabBar",
		"link": "symbols/DwtTabBar.json"
	},




	{
		"className": "DwtTabButton",
		"package": "ajax.dwt.widgets.DwtTabButton",
		"link": "symbols/DwtTabButton.json"
	},




	{
		"className": "DwtTabGroup",
		"package": "ajax.dwt.keyboard.DwtTabGroup",
		"link": "symbols/DwtTabGroup.json"
	},




	{
		"className": "DwtTabView",
		"package": "ajax.dwt.widgets.DwtTabView",
		"link": "symbols/DwtTabView.json"
	},




	{
		"className": "DwtTabViewPage",
		"package": "ajax.dwt.widgets.DwtTabViewPage",
		"link": "symbols/DwtTabViewPage.json"
	},




	{
		"className": "DwtText",
		"package": "ajax.dwt.widgets.DwtText",
		"link": "symbols/DwtText.json"
	},




	{
		"className": "DwtToolBar",
		"package": "ajax.dwt.widgets.DwtToolBar",
		"link": "symbols/DwtToolBar.json"
	},




	{
		"className": "DwtToolBarButton",
		"package": "ajax.dwt.widgets.DwtToolBarButton",
		"link": "symbols/DwtToolBarButton.json"
	},




	{
		"className": "DwtTree",
		"package": "ajax.dwt.widgets.DwtTree",
		"link": "symbols/DwtTree.json"
	},




	{
		"className": "DwtTreeItem",
		"package": "ajax.dwt.widgets.DwtTreeItem",
		"link": "symbols/DwtTreeItem.json"
	},




	{
		"className": "DwtUnits",
		"package": "ajax.dwt.graphics.DwtUnits",
		"link": "symbols/DwtUnits.json"
	},




	{
		"className": "ZmAcceptShareDialog",
		"package": "zimbraMail.share.view.dialog.ZmAcceptShareDialog",
		"link": "symbols/ZmAcceptShareDialog.json"
	},




	{
		"className": "ZmAccessControlEntry",
		"package": "zimbraMail.share.model.ZmAccessControlEntry",
		"link": "symbols/ZmAccessControlEntry.json"
	},




	{
		"className": "ZmAccessControlList",
		"package": "zimbraMail.share.model.ZmAccessControlList",
		"link": "symbols/ZmAccessControlList.json"
	},




	{
		"className": "ZmAccount",
		"package": "zimbraMail.share.model.ZmAccount",
		"link": "symbols/ZmAccount.json"
	},




	{
		"className": "ZmAccountAlert",
		"package": "zimbraMail.share.view.ZmAccountAlert",
		"link": "symbols/ZmAccountAlert.json"
	},




	{
		"className": "ZmAccountList",
		"package": "zimbraMail.share.model.ZmAccountList",
		"link": "symbols/ZmAccountList.json"
	},




	{
		"className": "ZmAccountOverviewContainer",
		"package": "zimbraMail.share.view.ZmAccountOverviewContainer",
		"link": "symbols/ZmAccountOverviewContainer.json"
	},




	{
		"className": "ZmActionMenu",
		"package": "zimbraMail.share.view.ZmActionMenu",
		"link": "symbols/ZmActionMenu.json"
	},




	{
		"className": "ZmAddrBook",
		"package": "zimbraMail.abook.model.ZmAddrBook",
		"link": "symbols/ZmAddrBook.json"
	},




	{
		"className": "ZmAddrBookTreeController",
		"package": "zimbraMail.abook.controller.ZmAddrBookTreeController",
		"link": "symbols/ZmAddrBookTreeController.json"
	},




	{
		"className": "ZmAlert",
		"package": "zimbraMail.share.view.ZmAlert",
		"link": "symbols/ZmAlert.json"
	},




	{
		"className": "ZmApp",
		"package": "zimbraMail.core.ZmApp",
		"link": "symbols/ZmApp.json"
	},




	{
		"className": "ZmAppButton",
		"package": "zimbraMail.share.view.ZmAppButton",
		"link": "symbols/ZmAppButton.json"
	},




	{
		"className": "ZmAppChooser",
		"package": "zimbraMail.share.view.ZmAppChooser",
		"link": "symbols/ZmAppChooser.json"
	},




	{
		"className": "ZmAppCtxt",
		"package": "zimbraMail.core.ZmAppCtxt",
		"link": "symbols/ZmAppCtxt.json"
	},




	{
		"className": "ZmAppEvent",
		"package": "zimbraMail.share.model.events.ZmAppEvent",
		"link": "symbols/ZmAppEvent.json"
	},




	{
		"className": "ZmAppointmentAssistant",
		"package": "zimbraMail.calendar.view.ZmAppointmentAssistant",
		"link": "symbols/ZmAppointmentAssistant.json"
	},




	{
		"className": "ZmAppt",
		"package": "zimbraMail.calendar.model.ZmAppt",
		"link": "symbols/ZmAppt.json"
	},




	{
		"className": "ZmApptChooserTabViewPage",
		"package": "zimbraMail.calendar.view.ZmApptChooserTabViewPage",
		"link": "symbols/ZmApptChooserTabViewPage.json"
	},




	{
		"className": "ZmApptComposeController",
		"package": "zimbraMail.calendar.controller.ZmApptComposeController",
		"link": "symbols/ZmApptComposeController.json"
	},




	{
		"className": "ZmApptComposeView",
		"package": "zimbraMail.calendar.view.ZmApptComposeView",
		"link": "symbols/ZmApptComposeView.json"
	},




	{
		"className": "ZmApptDeleteNotifyDialog",
		"package": "zimbraMail.calendar.view.ZmApptDeleteNotifyDialog",
		"link": "symbols/ZmApptDeleteNotifyDialog.json"
	},




	{
		"className": "ZmApptList",
		"package": "zimbraMail.calendar.model.ZmApptList",
		"link": "symbols/ZmApptList.json"
	},




	{
		"className": "ZmApptQuickAddDialog",
		"package": "zimbraMail.calendar.view.ZmApptQuickAddDialog",
		"link": "symbols/ZmApptQuickAddDialog.json"
	},




	{
		"className": "ZmApptRecurDialog",
		"package": "zimbraMail.calendar.view.ZmApptRecurDialog",
		"link": "symbols/ZmApptRecurDialog.json"
	},




	{
		"className": "ZmAppViewMgr",
		"package": "zimbraMail.core.ZmAppViewMgr",
		"link": "symbols/ZmAppViewMgr.json"
	},




	{
		"className": "ZmAssistant",
		"package": "zimbraMail.share.view.assistant.ZmAssistant",
		"link": "symbols/ZmAssistant.json"
	},




	{
		"className": "ZmAssistantDialog",
		"package": "zimbraMail.share.view.dialog.ZmAssistantDialog",
		"link": "symbols/ZmAssistantDialog.json"
	},




	{
		"className": "ZmAttachDialog",
		"package": "zimbraMail.share.view.dialog.ZmAttachDialog",
		"link": "symbols/ZmAttachDialog.json"
	},




	{
		"className": "ZmAttachmentPicker",
		"package": "zimbraMail.share.view.picker.ZmAttachmentPicker",
		"link": "symbols/ZmAttachmentPicker.json"
	},




	{
		"className": "ZmAttachmentsController",
		"package": "zimbraMail.mail.controller.ZmAttachmentsController",
		"link": "symbols/ZmAttachmentsController.json"
	},




	{
		"className": "ZmAttachmentTypeList",
		"package": "zimbraMail.share.model.ZmAttachmentTypeList",
		"link": "symbols/ZmAttachmentTypeList.json"
	},




	{
		"className": "ZmAuthenticate",
		"package": "zimbraMail.share.model.ZmAuthenticate",
		"link": "symbols/ZmAuthenticate.json"
	},




	{
		"className": "ZmAutocomplete",
		"package": "zimbraMail.share.model.ZmAutocomplete",
		"link": "symbols/ZmAutocomplete.json"
	},




	{
		"className": "ZmAutocompleteListView",
		"package": "zimbraMail.share.view.ZmAutocompleteListView",
		"link": "symbols/ZmAutocompleteListView.json"
	},




	{
		"className": "ZmAutocompleteMatch",
		"package": "zimbraMail.share.model.ZmAutocompleteMatch",
		"link": "symbols/ZmAutocompleteMatch.json"
	},




	{
		"className": "ZmBasicPicker",
		"package": "zimbraMail.share.view.picker.ZmBasicPicker",
		"link": "symbols/ZmBasicPicker.json"
	},




	{
		"className": "ZmBatchCommand",
		"package": "zimbra.csfe.ZmBatchCommand",
		"link": "symbols/ZmBatchCommand.json"
	},




	{
		"className": "ZmBriefcase",
		"package": "zimbraMail.briefcase.model.ZmBriefcase",
		"link": "symbols/ZmBriefcase.json"
	},




	{
		"className": "ZmBriefcaseApp",
		"package": "zimbraMail.briefcase.ZmBriefcaseApp",
		"link": "symbols/ZmBriefcaseApp.json"
	},




	{
		"className": "ZmBriefcaseBaseView",
		"package": "zimbraMail.briefcase.view.ZmBriefcaseBaseView",
		"link": "symbols/ZmBriefcaseBaseView.json"
	},




	{
		"className": "ZmBriefcaseController",
		"package": "zimbraMail.briefcase.controller.ZmBriefcaseController",
		"link": "symbols/ZmBriefcaseController.json"
	},




	{
		"className": "ZmBriefcaseIconView",
		"package": "zimbraMail.briefcase.view.ZmBriefcaseIconView",
		"link": "symbols/ZmBriefcaseIconView.json"
	},




	{
		"className": "ZmBriefcaseItem",
		"package": "zimbraMail.briefcase.model.ZmBriefcaseItem",
		"link": "symbols/ZmBriefcaseItem.json"
	},




	{
		"className": "ZmBriefcaseSplitView",
		"package": "zimbraMail.briefcase.view.ZmBriefcaseSplitView",
		"link": "symbols/ZmBriefcaseSplitView.json"
	},




	{
		"className": "ZmBriefcaseTabView",
		"package": "zimbraMail.briefcase.view.dialog.ZmBriefcaseTabView",
		"link": "symbols/ZmBriefcaseTabView.json"
	},




	{
		"className": "ZmBriefcaseTreeController",
		"package": "zimbraMail.briefcase.controller.ZmBriefcaseTreeController",
		"link": "symbols/ZmBriefcaseTreeController.json"
	},




	{
		"className": "ZmBriefcaseView",
		"package": "zimbraMail.briefcase.view.ZmBriefcaseView",
		"link": "symbols/ZmBriefcaseView.json"
	},




	{
		"className": "ZmBrowseController",
		"package": "zimbraMail.share.controller.ZmBrowseController",
		"link": "symbols/ZmBrowseController.json"
	},




	{
		"className": "ZmBrowserAlert",
		"package": "zimbraMail.share.view.ZmBrowserAlert",
		"link": "symbols/ZmBrowserAlert.json"
	},




	{
		"className": "ZmBrowseToolBar",
		"package": "zimbraMail.share.view.ZmBrowseToolBar",
		"link": "symbols/ZmBrowseToolBar.json"
	},




	{
		"className": "ZmBrowseView",
		"package": "zimbraMail.share.view.ZmBrowseView",
		"link": "symbols/ZmBrowseView.json"
	},




	{
		"className": "ZmButtonToolBar",
		"package": "zimbraMail.share.view.ZmButtonToolBar",
		"link": "symbols/ZmButtonToolBar.json"
	},




	{
		"className": "ZmCalBaseItem",
		"package": "zimbraMail.calendar.model.ZmCalBaseItem",
		"link": "symbols/ZmCalBaseItem.json"
	},




	{
		"className": "ZmCalendar",
		"package": "zimbraMail.calendar.model.ZmCalendar",
		"link": "symbols/ZmCalendar.json"
	},




	{
		"className": "ZmCalendarApp",
		"package": "zimbraMail.calendar.ZmCalendarApp",
		"link": "symbols/ZmCalendarApp.json"
	},




	{
		"className": "ZmCalendarTreeController",
		"package": "zimbraMail.calendar.controller.ZmCalendarTreeController",
		"link": "symbols/ZmCalendarTreeController.json"
	},




	{
		"className": "ZmCalItem",
		"package": "zimbraMail.calendar.model.ZmCalItem",
		"link": "symbols/ZmCalItem.json"
	},




	{
		"className": "ZmCalItemComposeController",
		"package": "zimbraMail.calendar.controller.ZmCalItemComposeController",
		"link": "symbols/ZmCalItemComposeController.json"
	},




	{
		"className": "ZmCallAssistant",
		"package": "zimbraMail.share.view.assistant.ZmCallAssistant",
		"link": "symbols/ZmCallAssistant.json"
	},




	{
		"className": "ZmCalViewController",
		"package": "zimbraMail.calendar.controller.ZmCalViewController",
		"link": "symbols/ZmCalViewController.json"
	},




	{
		"className": "ZmCalViewMgr",
		"package": "zimbraMail.calendar.view.ZmCalViewMgr",
		"link": "symbols/ZmCalViewMgr.json"
	},




	{
		"className": "ZmChooseAccountDialog",
		"package": "zimbraMail.share.view.dialog.ZmChooseAccountDialog",
		"link": "symbols/ZmChooseAccountDialog.json"
	},




	{
		"className": "ZmChooseFolderDialog",
		"package": "zimbraMail.share.view.dialog.ZmChooseFolderDialog",
		"link": "symbols/ZmChooseFolderDialog.json"
	},




	{
		"className": "ZmClientCmdHandler",
		"package": "zimbraMail.core.ZmClientCmdHandler",
		"link": "symbols/ZmClientCmdHandler.json"
	},




	{
		"className": "ZmColListView",
		"package": "zimbraMail.briefcase.view.ZmColListView",
		"link": "symbols/ZmColListView.json"
	},




	{
		"className": "ZmComposeController",
		"package": "zimbraMail.mail.controller.ZmComposeController",
		"link": "symbols/ZmComposeController.json"
	},




	{
		"className": "ZmContact",
		"package": "zimbraMail.abook.model.ZmContact",
		"link": "symbols/ZmContact.json"
	},




	{
		"className": "ZmContactAlphabetBar",
		"package": "zimbraMail.abook.view.ZmContactAlphabetBar",
		"link": "symbols/ZmContactAlphabetBar.json"
	},




	{
		"className": "ZmContactAssistant",
		"package": "zimbraMail.abook.view.ZmContactAssistant",
		"link": "symbols/ZmContactAssistant.json"
	},




	{
		"className": "ZmContactCardsView",
		"package": "zimbraMail.abook.view.ZmContactCardsView",
		"link": "symbols/ZmContactCardsView.json"
	},




	{
		"className": "ZmContactController",
		"package": "zimbraMail.abook.controller.ZmContactController",
		"link": "symbols/ZmContactController.json"
	},




	{
		"className": "ZmContactList",
		"package": "zimbraMail.abook.model.ZmContactList",
		"link": "symbols/ZmContactList.json"
	},




	{
		"className": "ZmContactListController",
		"package": "zimbraMail.abook.controller.ZmContactListController",
		"link": "symbols/ZmContactListController.json"
	},




	{
		"className": "ZmContactPicker",
		"package": "zimbraMail.abook.view.ZmContactPicker",
		"link": "symbols/ZmContactPicker.json"
	},




	{
		"className": "ZmContactsApp",
		"package": "zimbraMail.abook.ZmContactsApp",
		"link": "symbols/ZmContactsApp.json"
	},




	{
		"className": "ZmContactsBaseView",
		"package": "zimbraMail.abook.view.ZmContactsBaseView",
		"link": "symbols/ZmContactsBaseView.json"
	},




	{
		"className": "ZmContactsHelper",
		"package": "zimbraMail.abook.view.ZmContactsHelper",
		"link": "symbols/ZmContactsHelper.json"
	},




	{
		"className": "ZmContactSimpleView",
		"package": "zimbraMail.abook.view.ZmContactSimpleView",
		"link": "symbols/ZmContactSimpleView.json"
	},




	{
		"className": "ZmContactSplitView",
		"package": "zimbraMail.abook.view.ZmContactSplitView",
		"link": "symbols/ZmContactSplitView.json"
	},




	{
		"className": "ZmController",
		"package": "zimbraMail.share.controller.ZmController",
		"link": "symbols/ZmController.json"
	},




	{
		"className": "ZmConv",
		"package": "zimbraMail.mail.model.ZmConv",
		"link": "symbols/ZmConv.json"
	},




	{
		"className": "ZmConvController",
		"package": "zimbraMail.mail.controller.ZmConvController",
		"link": "symbols/ZmConvController.json"
	},




	{
		"className": "ZmConvListController",
		"package": "zimbraMail.mail.controller.ZmConvListController",
		"link": "symbols/ZmConvListController.json"
	},




	{
		"className": "ZmCsfeCommand",
		"package": "zimbra.csfe.ZmCsfeCommand",
		"link": "symbols/ZmCsfeCommand.json"
	},




	{
		"className": "ZmCsfeException",
		"package": "zimbra.csfe.ZmCsfeException",
		"link": "symbols/ZmCsfeException.json"
	},




	{
		"className": "ZmCsfeResult",
		"package": "zimbra.csfe.ZmCsfeResult",
		"link": "symbols/ZmCsfeResult.json"
	},




	{
		"className": "ZmCustomPicker",
		"package": "zimbraMail.share.view.picker.ZmCustomPicker",
		"link": "symbols/ZmCustomPicker.json"
	},




	{
		"className": "ZmDataSource",
		"package": "zimbraMail.mail.model.ZmDataSource",
		"link": "symbols/ZmDataSource.json"
	},




	{
		"className": "ZmDataSourceCollection",
		"package": "zimbraMail.mail.model.ZmDataSourceCollection",
		"link": "symbols/ZmDataSourceCollection.json"
	},




	{
		"className": "ZmDatePicker",
		"package": "zimbraMail.share.view.picker.ZmDatePicker",
		"link": "symbols/ZmDatePicker.json"
	},




	{
		"className": "ZmDebugAssistant",
		"package": "zimbraMail.share.view.assistant.ZmDebugAssistant",
		"link": "symbols/ZmDebugAssistant.json"
	},




	{
		"className": "ZmDeclineShareDialog",
		"package": "zimbraMail.share.view.dialog.ZmDeclineShareDialog",
		"link": "symbols/ZmDeclineShareDialog.json"
	},




	{
		"className": "ZmDetailListView",
		"package": "zimbraMail.briefcase.view.ZmDetailListView",
		"link": "symbols/ZmDetailListView.json"
	},




	{
		"className": "ZmDialog",
		"package": "zimbraMail.share.view.dialog.ZmDialog",
		"link": "symbols/ZmDialog.json"
	},




	{
		"className": "ZmDocletMgr",
		"package": "zimbraMail.briefcase.model.ZmDocletMgr",
		"link": "symbols/ZmDocletMgr.json"
	},




	{
		"className": "ZmDomain",
		"package": "zimbraMail.share.model.ZmDomain",
		"link": "symbols/ZmDomain.json"
	},




	{
		"className": "ZmDomainPicker",
		"package": "zimbraMail.share.view.picker.ZmDomainPicker",
		"link": "symbols/ZmDomainPicker.json"
	},




	{
		"className": "ZmDomainTree",
		"package": "zimbraMail.share.model.ZmDomainTree",
		"link": "symbols/ZmDomainTree.json"
	},




	{
		"className": "ZmDoublePaneController",
		"package": "zimbraMail.mail.controller.ZmDoublePaneController",
		"link": "symbols/ZmDoublePaneController.json"
	},




	{
		"className": "ZmEditContactView",
		"package": "zimbraMail.abook.view.ZmEditContactView",
		"link": "symbols/ZmEditContactView.json"
	},




	{
		"className": "ZmErrorDialog",
		"package": "zimbra.common.ZmErrorDialog",
		"link": "symbols/ZmErrorDialog.json"
	},




	{
		"className": "ZmEvent",
		"package": "zimbraMail.share.model.events.ZmEvent",
		"link": "symbols/ZmEvent.json"
	},




	{
		"className": "ZmFilterRule",
		"package": "zimbraMail.prefs.model.ZmFilterRule",
		"link": "symbols/ZmFilterRule.json"
	},




	{
		"className": "ZmFilterRuleDialog",
		"package": "zimbraMail.prefs.view.ZmFilterRuleDialog",
		"link": "symbols/ZmFilterRuleDialog.json"
	},




	{
		"className": "ZmFilterRules",
		"package": "zimbraMail.prefs.model.ZmFilterRules",
		"link": "symbols/ZmFilterRules.json"
	},




	{
		"className": "ZmFilterRulesController",
		"package": "zimbraMail.prefs.controller.ZmFilterRulesController",
		"link": "symbols/ZmFilterRulesController.json"
	},




	{
		"className": "ZmFilterRulesView",
		"package": "zimbraMail.prefs.view.ZmFilterRulesView",
		"link": "symbols/ZmFilterRulesView.json"
	},




	{
		"className": "ZmFindnReplaceDialog",
		"package": "zimbraMail.share.view.dialog.ZmFindnReplaceDialog",
		"link": "symbols/ZmFindnReplaceDialog.json"
	},




	{
		"className": "ZmFlagPicker",
		"package": "zimbraMail.share.view.picker.ZmFlagPicker",
		"link": "symbols/ZmFlagPicker.json"
	},




	{
		"className": "ZmFolder",
		"package": "zimbraMail.share.model.ZmFolder",
		"link": "symbols/ZmFolder.json"
	},




	{
		"className": "ZmFolderNotifyDialog",
		"package": "zimbraMail.share.view.dialog.ZmFolderNotifyDialog",
		"link": "symbols/ZmFolderNotifyDialog.json"
	},




	{
		"className": "ZmFolderPicker",
		"package": "zimbraMail.share.view.picker.ZmFolderPicker",
		"link": "symbols/ZmFolderPicker.json"
	},




	{
		"className": "ZmFolderPropsDialog",
		"package": "zimbraMail.share.view.dialog.ZmFolderPropsDialog",
		"link": "symbols/ZmFolderPropsDialog.json"
	},




	{
		"className": "ZmFolderTree",
		"package": "zimbraMail.share.model.ZmFolderTree",
		"link": "symbols/ZmFolderTree.json"
	},




	{
		"className": "ZmFolderTreeController",
		"package": "zimbraMail.share.controller.ZmFolderTreeController",
		"link": "symbols/ZmFolderTreeController.json"
	},




	{
		"className": "ZmGroupView",
		"package": "zimbraMail.abook.view.ZmGroupView",
		"link": "symbols/ZmGroupView.json"
	},




	{
		"className": "ZmId",
		"package": "zimbraMail.core.ZmId",
		"link": "symbols/ZmId.json"
	},




	{
		"className": "ZmIdentity",
		"package": "zimbraMail.mail.model.ZmIdentity",
		"link": "symbols/ZmIdentity.json"
	},




	{
		"className": "ZmIdentityCollection",
		"package": "zimbraMail.mail.model.ZmIdentityCollection",
		"link": "symbols/ZmIdentityCollection.json"
	},




	{
		"className": "ZmImAddress",
		"package": "zimbraMail.share.model.ZmImAddress",
		"link": "symbols/ZmImAddress.json"
	},




	{
		"className": "ZmImAddressEntry",
		"package": "zimbraMail.share.view.ZmImAddressEntry",
		"link": "symbols/ZmImAddressEntry.json"
	},




	{
		"className": "ZmImapAccount",
		"package": "zimbraMail.mail.model.ZmImapAccount",
		"link": "symbols/ZmImapAccount.json"
	},




	{
		"className": "ZmImportExportController",
		"package": "zimbraMail.share.controller.ZmImportExportController",
		"link": "symbols/ZmImportExportController.json"
	},




	{
		"className": "ZmInvite",
		"package": "zimbraMail.share.model.ZmInvite",
		"link": "symbols/ZmInvite.json"
	},




	{
		"className": "ZmItem",
		"package": "zimbraMail.share.model.ZmItem",
		"link": "symbols/ZmItem.json"
	},




	{
		"className": "ZmKeyMap",
		"package": "zimbraMail.share.model.ZmKeyMap",
		"link": "symbols/ZmKeyMap.json"
	},




	{
		"className": "ZmLinkPropsDialog",
		"package": "zimbraMail.share.view.dialog.ZmLinkPropsDialog",
		"link": "symbols/ZmLinkPropsDialog.json"
	},




	{
		"className": "ZmList",
		"package": "zimbraMail.share.model.ZmList",
		"link": "symbols/ZmList.json"
	},




	{
		"className": "ZmListController",
		"package": "zimbraMail.share.controller.ZmListController",
		"link": "symbols/ZmListController.json"
	},




	{
		"className": "ZmListView",
		"package": "zimbraMail.share.view.ZmListView",
		"link": "symbols/ZmListView.json"
	},




	{
		"className": "ZmLocale",
		"package": "zimbraMail.prefs.model.ZmLocale",
		"link": "symbols/ZmLocale.json"
	},




	{
		"className": "ZmLoginDialog",
		"package": "zimbraMail.share.view.dialog.ZmLoginDialog",
		"link": "symbols/ZmLoginDialog.json"
	},




	{
		"className": "ZmMailApp",
		"package": "zimbraMail.mail.ZmMailApp",
		"link": "symbols/ZmMailApp.json"
	},




	{
		"className": "ZmMailConfirmController",
		"package": "zimbraMail.mail.controller.ZmMailConfirmController",
		"link": "symbols/ZmMailConfirmController.json"
	},




	{
		"className": "ZmMailItem",
		"package": "zimbraMail.mail.model.ZmMailItem",
		"link": "symbols/ZmMailItem.json"
	},




	{
		"className": "ZmMailList",
		"package": "zimbraMail.mail.model.ZmMailList",
		"link": "symbols/ZmMailList.json"
	},




	{
		"className": "ZmMailListController",
		"package": "zimbraMail.mail.controller.ZmMailListController",
		"link": "symbols/ZmMailListController.json"
	},




	{
		"className": "ZmMailMsg",
		"package": "zimbraMail.mail.model.ZmMailMsg",
		"link": "symbols/ZmMailMsg.json"
	},




	{
		"className": "ZmMetaData",
		"package": "zimbraMail.share.model.ZmMetaData",
		"link": "symbols/ZmMetaData.json"
	},




	{
		"className": "ZmMimePart",
		"package": "zimbraMail.mail.model.ZmMimePart",
		"link": "symbols/ZmMimePart.json"
	},




	{
		"className": "ZmMimeTable",
		"package": "zimbraMail.core.ZmMimeTable",
		"link": "symbols/ZmMimeTable.json"
	},




	{
		"className": "ZmMobileDevice",
		"package": "zimbraMail.prefs.model.ZmMobileDevice",
		"link": "symbols/ZmMobileDevice.json"
	},




	{
		"className": "ZmMobileDevicesController",
		"package": "zimbraMail.prefs.controller.ZmMobileDevicesController",
		"link": "symbols/ZmMobileDevicesController.json"
	},




	{
		"className": "ZmModel",
		"package": "zimbraMail.share.model.ZmModel",
		"link": "symbols/ZmModel.json"
	},




	{
		"className": "ZmMountFolderDialog",
		"package": "zimbraMail.share.view.dialog.ZmMountFolderDialog",
		"link": "symbols/ZmMountFolderDialog.json"
	},




	{
		"className": "ZmMountpoint",
		"package": "zimbraMail.share.model.ZmMountpoint",
		"link": "symbols/ZmMountpoint.json"
	},




	{
		"className": "ZmMsgController",
		"package": "zimbraMail.mail.controller.ZmMsgController",
		"link": "symbols/ZmMsgController.json"
	},




	{
		"className": "ZmMultiColView",
		"package": "zimbraMail.briefcase.view.ZmMultiColView",
		"link": "symbols/ZmMultiColView.json"
	},




	{
		"className": "ZmNavToolBar",
		"package": "zimbraMail.share.view.ZmNavToolBar",
		"link": "symbols/ZmNavToolBar.json"
	},




	{
		"className": "ZmNewAddrBookDialog",
		"package": "zimbraMail.abook.view.ZmNewAddrBookDialog",
		"link": "symbols/ZmNewAddrBookDialog.json"
	},




	{
		"className": "ZmNewBriefcaseDialog",
		"package": "zimbraMail.briefcase.view.ZmNewBriefcaseDialog",
		"link": "symbols/ZmNewBriefcaseDialog.json"
	},




	{
		"className": "ZmNewFolderDialog",
		"package": "zimbraMail.share.view.dialog.ZmNewFolderDialog",
		"link": "symbols/ZmNewFolderDialog.json"
	},




	{
		"className": "ZmNewOrganizerDialog",
		"package": "zimbraMail.share.view.dialog.ZmNewOrganizerDialog",
		"link": "symbols/ZmNewOrganizerDialog.json"
	},




	{
		"className": "ZmNewSearchDialog",
		"package": "zimbraMail.share.view.dialog.ZmNewSearchDialog",
		"link": "symbols/ZmNewSearchDialog.json"
	},




	{
		"className": "ZmNewTagDialog",
		"package": "zimbraMail.share.view.dialog.ZmNewTagDialog",
		"link": "symbols/ZmNewTagDialog.json"
	},




	{
		"className": "ZmNewTaskFolderDialog",
		"package": "zimbraMail.tasks.view.ZmNewTaskFolderDialog",
		"link": "symbols/ZmNewTaskFolderDialog.json"
	},




	{
		"className": "ZmNewWindow",
		"package": "zimbraMail.core.ZmNewWindow",
		"link": "symbols/ZmNewWindow.json"
	},




	{
		"className": "ZmObjectHandler",
		"package": "zimbraMail.share.model.ZmObjectHandler",
		"link": "symbols/ZmObjectHandler.json"
	},




	{
		"className": "ZmObjectManager",
		"package": "zimbraMail.share.model.ZmObjectManager",
		"link": "symbols/ZmObjectManager.json"
	},




	{
		"className": "ZmOperation",
		"package": "zimbraMail.core.ZmOperation",
		"link": "symbols/ZmOperation.json"
	},




	{
		"className": "ZmOrganizer",
		"package": "zimbraMail.share.model.ZmOrganizer",
		"link": "symbols/ZmOrganizer.json"
	},




	{
		"className": "ZmOverview",
		"package": "zimbraMail.share.view.ZmOverview",
		"link": "symbols/ZmOverview.json"
	},




	{
		"className": "ZmOverviewContainer",
		"package": "zimbraMail.share.view.ZmOverviewContainer",
		"link": "symbols/ZmOverviewContainer.json"
	},




	{
		"className": "ZmOverviewController",
		"package": "zimbraMail.share.controller.ZmOverviewController",
		"link": "symbols/ZmOverviewController.json"
	},




	{
		"className": "ZmPersona",
		"package": "zimbraMail.prefs.model.ZmPersona",
		"link": "symbols/ZmPersona.json"
	},




	{
		"className": "ZmPicker",
		"package": "zimbraMail.share.view.picker.ZmPicker",
		"link": "symbols/ZmPicker.json"
	},




	{
		"className": "ZmPickTagDialog",
		"package": "zimbraMail.share.view.dialog.ZmPickTagDialog",
		"link": "symbols/ZmPickTagDialog.json"
	},




	{
		"className": "ZmPopAccount",
		"package": "zimbraMail.mail.model.ZmPopAccount",
		"link": "symbols/ZmPopAccount.json"
	},




	{
		"className": "ZmPopupMenu",
		"package": "zimbraMail.share.view.ZmPopupMenu",
		"link": "symbols/ZmPopupMenu.json"
	},




	{
		"className": "ZmPortalApp",
		"package": "zimbraMail.portal.ZmPortalApp",
		"link": "symbols/ZmPortalApp.json"
	},




	{
		"className": "ZmPortalController",
		"package": "zimbraMail.portal.controller.ZmPortalController",
		"link": "symbols/ZmPortalController.json"
	},




	{
		"className": "ZmPortalView",
		"package": "zimbraMail.portal.view.ZmPortalView",
		"link": "symbols/ZmPortalView.json"
	},




	{
		"className": "ZmPortlet",
		"package": "zimbraMail.portal.model.ZmPortlet",
		"link": "symbols/ZmPortlet.json"
	},




	{
		"className": "ZmPortletMgr",
		"package": "zimbraMail.portal.model.ZmPortletMgr",
		"link": "symbols/ZmPortletMgr.json"
	},




	{
		"className": "ZmPortletView",
		"package": "zimbraMail.portal.view.ZmPortletView",
		"link": "symbols/ZmPortletView.json"
	},




	{
		"className": "ZmPrefController",
		"package": "zimbraMail.prefs.controller.ZmPrefController",
		"link": "symbols/ZmPrefController.json"
	},




	{
		"className": "ZmPreferencesApp",
		"package": "zimbraMail.prefs.ZmPreferencesApp",
		"link": "symbols/ZmPreferencesApp.json"
	},




	{
		"className": "ZmPreferencesPage",
		"package": "zimbraMail.prefs.view.ZmPreferencesPage",
		"link": "symbols/ZmPreferencesPage.json"
	},




	{
		"className": "ZmPrefPage",
		"package": "zimbraMail.prefs.model.ZmPrefPage",
		"link": "symbols/ZmPrefPage.json"
	},




	{
		"className": "ZmPrefPageTreeController",
		"package": "zimbraMail.prefs.controller.ZmPrefPageTreeController",
		"link": "symbols/ZmPrefPageTreeController.json"
	},




	{
		"className": "ZmPrefView",
		"package": "zimbraMail.prefs.view.ZmPrefView",
		"link": "symbols/ZmPrefView.json"
	},




	{
		"className": "ZmPreviewView",
		"package": "zimbraMail.briefcase.view.ZmPreviewView",
		"link": "symbols/ZmPreviewView.json"
	},




	{
		"className": "ZmPromptDialog",
		"package": "zimbraMail.share.view.dialog.ZmPromptDialog",
		"link": "symbols/ZmPromptDialog.json"
	},




	{
		"className": "ZmQuickAddDialog",
		"package": "zimbraMail.share.view.dialog.ZmQuickAddDialog",
		"link": "symbols/ZmQuickAddDialog.json"
	},




	{
		"className": "ZmRecurrence",
		"package": "zimbraMail.calendar.model.ZmRecurrence",
		"link": "symbols/ZmRecurrence.json"
	},




	{
		"className": "ZmReminderController",
		"package": "zimbraMail.calendar.controller.ZmReminderController",
		"link": "symbols/ZmReminderController.json"
	},




	{
		"className": "ZmRenameFolderDialog",
		"package": "zimbraMail.share.view.dialog.ZmRenameFolderDialog",
		"link": "symbols/ZmRenameFolderDialog.json"
	},




	{
		"className": "ZmRenameTagDialog",
		"package": "zimbraMail.share.view.dialog.ZmRenameTagDialog",
		"link": "symbols/ZmRenameTagDialog.json"
	},




	{
		"className": "ZmRequestMgr",
		"package": "zimbraMail.core.ZmRequestMgr",
		"link": "symbols/ZmRequestMgr.json"
	},




	{
		"className": "ZmResource",
		"package": "zimbraMail.calendar.model.ZmResource",
		"link": "symbols/ZmResource.json"
	},




	{
		"className": "ZmResourceList",
		"package": "zimbraMail.calendar.model.ZmResourceList",
		"link": "symbols/ZmResourceList.json"
	},




	{
		"className": "ZmRevokeShareDialog",
		"package": "zimbraMail.share.view.dialog.ZmRevokeShareDialog",
		"link": "symbols/ZmRevokeShareDialog.json"
	},




	{
		"className": "ZmSavedSearchPicker",
		"package": "zimbraMail.share.view.picker.ZmSavedSearchPicker",
		"link": "symbols/ZmSavedSearchPicker.json"
	},




	{
		"className": "ZmSchedTabViewPage",
		"package": "zimbraMail.calendar.view.ZmSchedTabViewPage",
		"link": "symbols/ZmSchedTabViewPage.json"
	},




	{
		"className": "ZmSearch",
		"package": "zimbraMail.share.model.ZmSearch",
		"link": "symbols/ZmSearch.json"
	},




	{
		"className": "ZmSearchAutocomplete",
		"package": "zimbraMail.share.model.ZmSearchAutocomplete",
		"link": "symbols/ZmSearchAutocomplete.json"
	},




	{
		"className": "ZmSearchController",
		"package": "zimbraMail.share.controller.ZmSearchController",
		"link": "symbols/ZmSearchController.json"
	},




	{
		"className": "ZmSearchFolder",
		"package": "zimbraMail.share.model.ZmSearchFolder",
		"link": "symbols/ZmSearchFolder.json"
	},




	{
		"className": "ZmSearchResult",
		"package": "zimbraMail.share.model.ZmSearchResult",
		"link": "symbols/ZmSearchResult.json"
	},




	{
		"className": "ZmSearchTreeController",
		"package": "zimbraMail.share.controller.ZmSearchTreeController",
		"link": "symbols/ZmSearchTreeController.json"
	},




	{
		"className": "ZmSelectAddrDialog",
		"package": "zimbraMail.mail.view.ZmSelectAddrDialog",
		"link": "symbols/ZmSelectAddrDialog.json"
	},




	{
		"className": "ZmSetting",
		"package": "zimbraMail.share.model.ZmSetting",
		"link": "symbols/ZmSetting.json"
	},




	{
		"className": "ZmSettings",
		"package": "zimbraMail.share.model.ZmSettings",
		"link": "symbols/ZmSettings.json"
	},




	{
		"className": "ZmShare",
		"package": "zimbraMail.share.model.ZmShare",
		"link": "symbols/ZmShare.json"
	},




	{
		"className": "ZmSharePropsDialog",
		"package": "zimbraMail.share.view.dialog.ZmSharePropsDialog",
		"link": "symbols/ZmSharePropsDialog.json"
	},




	{
		"className": "ZmShareReply",
		"package": "zimbraMail.share.view.ZmShareReply",
		"link": "symbols/ZmShareReply.json"
	},




	{
		"className": "ZmSignature",
		"package": "zimbraMail.mail.model.ZmSignature",
		"link": "symbols/ZmSignature.json"
	},




	{
		"className": "ZmSignatureCollection",
		"package": "zimbraMail.mail.model.ZmSignatureCollection",
		"link": "symbols/ZmSignatureCollection.json"
	},




	{
		"className": "ZmSizePicker",
		"package": "zimbraMail.share.view.picker.ZmSizePicker",
		"link": "symbols/ZmSizePicker.json"
	},




	{
		"className": "ZmStatusView",
		"package": "zimbraMail.share.view.ZmStatusView",
		"link": "symbols/ZmStatusView.json"
	},




	{
		"className": "ZmTag",
		"package": "zimbraMail.share.model.ZmTag",
		"link": "symbols/ZmTag.json"
	},




	{
		"className": "ZmTagMenu",
		"package": "zimbraMail.share.view.ZmTagMenu",
		"link": "symbols/ZmTagMenu.json"
	},




	{
		"className": "ZmTagPicker",
		"package": "zimbraMail.share.view.picker.ZmTagPicker",
		"link": "symbols/ZmTagPicker.json"
	},




	{
		"className": "ZmTagTree",
		"package": "zimbraMail.share.model.ZmTagTree",
		"link": "symbols/ZmTagTree.json"
	},




	{
		"className": "ZmTagTreeController",
		"package": "zimbraMail.share.controller.ZmTagTreeController",
		"link": "symbols/ZmTagTreeController.json"
	},




	{
		"className": "ZmTask",
		"package": "zimbraMail.tasks.model.ZmTask",
		"link": "symbols/ZmTask.json"
	},




	{
		"className": "ZmTaskAssistant",
		"package": "zimbraMail.tasks.view.ZmTaskAssistant",
		"link": "symbols/ZmTaskAssistant.json"
	},




	{
		"className": "ZmTaskController",
		"package": "zimbraMail.tasks.controller.ZmTaskController",
		"link": "symbols/ZmTaskController.json"
	},




	{
		"className": "ZmTaskEditView",
		"package": "zimbraMail.tasks.view.ZmTaskEditView",
		"link": "symbols/ZmTaskEditView.json"
	},




	{
		"className": "ZmTaskFolder",
		"package": "zimbraMail.tasks.model.ZmTaskFolder",
		"link": "symbols/ZmTaskFolder.json"
	},




	{
		"className": "ZmTaskListController",
		"package": "zimbraMail.tasks.controller.ZmTaskListController",
		"link": "symbols/ZmTaskListController.json"
	},




	{
		"className": "ZmTaskListView",
		"package": "zimbraMail.tasks.view.ZmTaskListView",
		"link": "symbols/ZmTaskListView.json"
	},




	{
		"className": "ZmTasksApp",
		"package": "zimbraMail.tasks.ZmTasksApp",
		"link": "symbols/ZmTasksApp.json"
	},




	{
		"className": "ZmTaskTreeController",
		"package": "zimbraMail.tasks.controller.ZmTaskTreeController",
		"link": "symbols/ZmTaskTreeController.json"
	},




	{
		"className": "ZmTaskView",
		"package": "zimbraMail.calendar.view.ZmTaskView",
		"link": "symbols/ZmTaskView.json"
	},




	{
		"className": "ZmTimePicker",
		"package": "zimbraMail.share.view.picker.ZmTimePicker",
		"link": "symbols/ZmTimePicker.json"
	},




	{
		"className": "ZmTimezone",
		"package": "zimbraMail.share.model.ZmTimezone",
		"link": "symbols/ZmTimezone.json"
	},




	{
		"className": "ZmTimezonePicker",
		"package": "zimbraMail.share.view.dialog.ZmTimezonePicker",
		"link": "symbols/ZmTimezonePicker.json"
	},




	{
		"className": "ZmToast",
		"package": "zimbraMail.share.view.ZmToast",
		"link": "symbols/ZmToast.json"
	},




	{
		"className": "ZmToolBar",
		"package": "zimbraMail.share.view.ZmToolBar",
		"link": "symbols/ZmToolBar.json"
	},




	{
		"className": "ZmTree",
		"package": "zimbraMail.share.model.ZmTree",
		"link": "symbols/ZmTree.json"
	},




	{
		"className": "ZmTreeController",
		"package": "zimbraMail.share.controller.ZmTreeController",
		"link": "symbols/ZmTreeController.json"
	},




	{
		"className": "ZmTreeView",
		"package": "zimbraMail.share.view.ZmTreeView",
		"link": "symbols/ZmTreeView.json"
	},




	{
		"className": "ZmUploadDialog",
		"package": "zimbraMail.share.view.dialog.ZmUploadDialog",
		"link": "symbols/ZmUploadDialog.json"
	},




	{
		"className": "ZmVersionAssistant",
		"package": "zimbraMail.share.view.assistant.ZmVersionAssistant",
		"link": "symbols/ZmVersionAssistant.json"
	},




	{
		"className": "ZmZimbraAccount",
		"package": "zimbraMail.share.model.ZmZimbraAccount",
		"link": "symbols/ZmZimbraAccount.json"
	},




	{
		"className": "ZmZimbraMail",
		"package": "zimbraMail.core.ZmZimbraMail",
		"link": "symbols/ZmZimbraMail.json"
	},




	{
		"className": "ZmZimlet",
		"package": "zimbraMail.share.model.ZmZimlet",
		"link": "symbols/ZmZimlet.json"
	},




	{
		"className": "ZmZimletApp",
		"package": "zimbraMail.share.view.ZmZimletApp",
		"link": "symbols/ZmZimletApp.json"
	},




	{
		"className": "ZmZimletAppController",
		"package": "zimbraMail.share.controller.ZmZimletAppController",
		"link": "symbols/ZmZimletAppController.json"
	},




	{
		"className": "ZmZimletBase",
		"package": "zimbraMail.share.model.ZmZimletBase",
		"link": "symbols/ZmZimletBase.json"
	},




	{
		"className": "ZmZimletContext",
		"package": "zimbraMail.share.model.ZmZimletContext",
		"link": "symbols/ZmZimletContext.json"
	},




	{
		"className": "ZmZimletMgr",
		"package": "zimbraMail.share.model.ZmZimletMgr",
		"link": "symbols/ZmZimletMgr.json"
	},




	{
		"className": "ZmZimletPicker",
		"package": "zimbraMail.share.view.picker.ZmZimletPicker",
		"link": "symbols/ZmZimletPicker.json"
	},




	{
		"className": "ZmZimletTreeController",
		"package": "zimbraMail.share.controller.ZmZimletTreeController",
		"link": "symbols/ZmZimletTreeController.json"
	},


			]
}